{
  "_id": "c8582ca7-e92a-4119-8782-b4f2238d3e51",
  "aiPersonaId": "488a376c-7f2a-44d1-84f6-893c3e7a9b57",
  "code": "const main = () => {\n    const data = input.extractedContent;\n\n    const formatted = data\n        .map((item, index) => {\n            const lines = item.content\n                .map(str => str.trim())\n                .join('\\n'); \n\n            return `${index + 1}.\\n${lines}`;\n        })\n        .join('\\n\\n');\n\n    return {\n        result: formatted\n    };\n};\n\nmain();\n",
  "name": "LoanandCredit",
  "status": "Active"
}