{
  "_id": "6faabc73-f682-4589-a9a4-d37821955c60",
  "accountId": "1b57188b-7473-4cb9-92ec-238389ea212e",
  "appId": "default-app-for-account-1b57188b-7473-4cb9-92ec-238389ea212e",
  "createdAt": "2025-03-28T16:38:29.540Z",
  "createdBy": "user-22fde5ea-9634-4427-aac4-63c3a965ac36",
  "name": "NewsStartup",
  "publisherAccountId": "1b57188b-7473-4cb9-92ec-238389ea212e",
  "status": "available",
  "updatedAt": "2025-03-28T16:38:29.540Z",
  "updatedBy": "user-22fde5ea-9634-4427-aac4-63c3a965ac36"
}