{
  "_id": "100297bf-7153-4f39-a126-3880780c5fae",
  "aiPersonaId": "488a376c-7f2a-44d1-84f6-893c3e7a9b57",
  "integrationId": "industry-news-updates-9044",
  "name": "Workflow for Industry News Updates",
  "publisherAccountId": "1b57188b-7473-4cb9-92ec-238389ea212e",
  "startTaskId": "1743176179552",
  "status": "Active",
  "tasks": [
    {
      "_id": "6195f541-9aa7-4d7b-8dc4-057c4f6f3c69",
      "type": "Display",
      "config": {
        "description": "Display the response to the user",
        "name": "Display",
        "type": "text",
        "text": "$input.result",
        "formatVariables": [],
        "rawText": "$input.result"
      },
      "transitions": []
    },
    {
      "_id": "1743176179552",
      "type": "WebCrawler",
      "config": {
        "description": "Crawl web pages",
        "name": "Web Crawler",
        "url": "https://www.moneycontrol.com/news/business/startup/",
        "instructions": "Extract the following fields for each news article:\n\nheadline → The title of the startup news article.\n\nsummary → The brief description or intro paragraph (if available).\n\nadd new line after every news piece\n\nLimit to the latest 10 articles to avoid unnecessary data.\n\nExclude advertisements, unrelated news, or sponsored content."
      },
      "transitions": [
        {
          "name": "Default",
          "_id": "1743176179552-1743180680718",
          "nextTask": "1743180680718"
        }
      ]
    },
    {
      "_id": "1743180680718",
      "type": "JSFunction",
      "config": {
        "description": "Execute JavaScript code",
        "name": "JavaScript",
        "snippetId": "c381bc44-f579-4d42-b125-50f5cf53cc75"
      },
      "transitions": [
        {
          "name": "Default",
          "_id": "1743180680718-6195f541-9aa7-4d7b-8dc4-057c4f6f3c69",
          "nextTask": "6195f541-9aa7-4d7b-8dc4-057c4f6f3c69"
        }
      ]
    }
  ],
  "type": "Conversational",
  "version": "latest",
  "reactflow": {
    "viewport": {
      "x": -142.4199061118063,
      "y": 189.23741689660443,
      "zoom": 0.9117224917725206
    },
    "nodes": [
      {
        "id": "0",
        "type": "Start",
        "position": {
          "x": 530,
          "y": 359
        },
        "data": {},
        "deletable": false,
        "measured": {
          "width": 301,
          "height": 136
        },
        "selected": false
      },
      {
        "position": {
          "x": 967.1547840056287,
          "y": 437.939234621536
        },
        "type": "Display",
        "id": "6195f541-9aa7-4d7b-8dc4-057c4f6f3c69",
        "data": {},
        "measured": {
          "width": 298,
          "height": 78
        },
        "selected": false,
        "dragging": false
      },
      {
        "position": {
          "x": 759,
          "y": 232
        },
        "type": "WebCrawler",
        "id": "1743176179552",
        "data": {},
        "measured": {
          "width": 260,
          "height": 78
        },
        "selected": false,
        "dragging": false
      },
      {
        "position": {
          "x": 1141.6334305837925,
          "y": 287.6095515953692
        },
        "type": "JSFunction",
        "id": "1743180680718",
        "data": {},
        "measured": {
          "width": 260,
          "height": 78
        },
        "selected": false,
        "dragging": false
      }
    ],
    "edges": [
      {
        "id": "xy-edge__00-source-1-17431761795521743176179552-target-1",
        "type": "Start",
        "source": "0",
        "target": "1743176179552",
        "markerEnd": {
          "type": "arrowclosed",
          "width": 22,
          "height": 22
        },
        "sourceHandle": "0-source-1",
        "selected": false,
        "targetHandle": "1743176179552-target-1"
      },
      {
        "id": "1743176179552-1743180680718",
        "source": "1743176179552",
        "target": "1743180680718",
        "type": "Transition",
        "markerEnd": {
          "type": "arrowclosed",
          "width": 22,
          "height": 22
        },
        "sourceHandle": "1743176179552-source-1",
        "targetHandle": "1743180680718-target-2",
        "selected": false
      },
      {
        "id": "1743180680718-6195f541-9aa7-4d7b-8dc4-057c4f6f3c69",
        "source": "1743180680718",
        "target": "6195f541-9aa7-4d7b-8dc4-057c4f6f3c69",
        "type": "Transition",
        "markerEnd": {
          "type": "arrowclosed",
          "width": 22,
          "height": 22
        },
        "sourceHandle": "1743180680718-source-1",
        "targetHandle": "6195f541-9aa7-4d7b-8dc4-057c4f6f3c69-target-2",
        "selected": false
      }
    ]
  }
}