{
  "_id": "de27d2f0-21c9-4147-80b0-97506394ee4c",
  "aiPersonaId": "488a376c-7f2a-44d1-84f6-893c3e7a9b57",
  "integrationId": "investor-recommendations-6660",
  "name": "Workflow for Investor Recommendations",
  "publisherAccountId": "1b57188b-7473-4cb9-92ec-238389ea212e",
  "startTaskId": "c9626eb9-8a67-4f19-a14b-8d2276babe1a",
  "status": "Active",
  "tasks": [
    {
      "_id": "c9626eb9-8a67-4f19-a14b-8d2276babe1a",
      "transitions": [],
      "type": "Display",
      "config": {
        "name": "Display",
        "description": "Display the response to the user",
        "type": "text",
        "text": "Hi there! Intent $input.intent has been matched"
      }
    }
  ],
  "type": "Conversational",
  "version": "latest"
}