{
  "_id": "150b766b-eb6e-45a7-9bfd-ea5cff076a1c",
  "aiPersonaId": "488a376c-7f2a-44d1-84f6-893c3e7a9b57",
  "integrationId": "loan-credit-analysis-4222",
  "name": "Workflow for Loan & Credit Analysis",
  "publisherAccountId": "1b57188b-7473-4cb9-92ec-238389ea212e",
  "startTaskId": "1743184626416",
  "status": "Active",
  "tasks": [
    {
      "_id": "9558b54f-aa47-4d56-8811-10bfbe904778",
      "type": "Display",
      "config": {
        "description": "Display the response to the user",
        "name": "Display",
        "type": "text",
        "text": "$input.result",
        "formatVariables": [],
        "rawText": "$input.result"
      },
      "transitions": []
    },
    {
      "_id": "1743184626416",
      "type": "WebCrawler",
      "config": {
        "description": "Crawl web pages",
        "name": "Web Crawler",
        "url": "https://bestfd.in/",
        "instructions": "Output FD rates of all banks in format\nBank Name : FD rates"
      },
      "transitions": [
        {
          "name": "Default",
          "_id": "xy-edge__17431846264161743184626416-source-1-17432252598141743225259814-target-1",
          "nextTask": "1743225259814"
        }
      ]
    },
    {
      "_id": "1743225259814",
      "type": "JSFunction",
      "config": {
        "description": "Execute JavaScript code",
        "name": "JavaScript",
        "snippetId": "c8582ca7-e92a-4119-8782-b4f2238d3e51"
      },
      "transitions": [
        {
          "name": "Default",
          "_id": "1743225259814-9558b54f-aa47-4d56-8811-10bfbe904778",
          "nextTask": "9558b54f-aa47-4d56-8811-10bfbe904778"
        }
      ]
    }
  ],
  "type": "Conversational",
  "version": "latest",
  "reactflow": {
    "viewport": {
      "x": 0,
      "y": 0,
      "zoom": 1
    },
    "nodes": [
      {
        "id": "0",
        "type": "Start",
        "position": {
          "x": 360,
          "y": 400
        },
        "data": {},
        "deletable": false,
        "measured": {
          "width": 301,
          "height": 136
        },
        "selected": false
      },
      {
        "position": {
          "x": 1062,
          "y": 421
        },
        "type": "Display",
        "id": "9558b54f-aa47-4d56-8811-10bfbe904778",
        "data": {},
        "measured": {
          "width": 298,
          "height": 78
        },
        "selected": false,
        "dragging": false
      },
      {
        "position": {
          "x": 743,
          "y": 265
        },
        "type": "WebCrawler",
        "id": "1743184626416",
        "data": {},
        "measured": {
          "width": 260,
          "height": 78
        },
        "selected": false,
        "dragging": false
      },
      {
        "position": {
          "x": 1092,
          "y": 187
        },
        "type": "JSFunction",
        "id": "1743225259814",
        "data": {},
        "measured": {
          "width": 260,
          "height": 78
        },
        "selected": false,
        "dragging": false
      }
    ],
    "edges": [
      {
        "id": "xy-edge__00-source-1-17431846264161743184626416-target-1",
        "type": "Start",
        "source": "0",
        "target": "1743184626416",
        "markerEnd": {
          "type": "arrowclosed",
          "width": 22,
          "height": 22
        },
        "sourceHandle": "0-source-1",
        "selected": false,
        "targetHandle": "1743184626416-target-1"
      },
      {
        "type": "Transition",
        "markerEnd": {
          "type": "arrowclosed",
          "width": 22,
          "height": 22
        },
        "source": "1743184626416",
        "target": "1743225259814",
        "sourceHandle": "1743184626416-source-1",
        "targetHandle": "1743225259814-target-1",
        "selected": false,
        "id": "xy-edge__17431846264161743184626416-source-1-17432252598141743225259814-target-1"
      },
      {
        "type": "Transition",
        "id": "1743225259814-9558b54f-aa47-4d56-8811-10bfbe904778",
        "source": "1743225259814",
        "target": "9558b54f-aa47-4d56-8811-10bfbe904778",
        "markerEnd": {
          "type": "arrowclosed",
          "width": 22,
          "height": 22
        },
        "sourceHandle": "1743225259814-source-1",
        "targetHandle": "9558b54f-aa47-4d56-8811-10bfbe904778-target-2",
        "selected": false
      }
    ]
  }
}