{
  "_id": "14c27c22-c7f0-418f-8c22-e0e69595ac73",
  "aiPersonaId": "488a376c-7f2a-44d1-84f6-893c3e7a9b57",
  "integrationId": "ma-doc-reader-6357-primary-workflow-for-doc-reader",
  "isMiniAgentPrimaryWorkflow": true,
  "name": "Primary Workflow for Doc Reader",
  "publisherAccountId": "1b57188b-7473-4cb9-92ec-238389ea212e",
  "startTaskId": "925db384-f364-4a26-aa2e-a9b6578748a9",
  "status": "Active",
  "tasks": [
    {
      "_id": "925db384-f364-4a26-aa2e-a9b6578748a9",
      "type": "PassThrough",
      "config": {
        "name": "Pass Through",
        "description": "Pass through the input to the output"
      },
      "transitions": [
        {
          "_id": "774524c1-1e6e-4db7-b383-2b7c451c440e-925db384-f364-4a26-aa2e-a9b6578748a9",
          "nextTask": "774524c1-1e6e-4db7-b383-2b7c451c440e",
          "name": "If query doesnt exists",
          "rules": [
            {
              "type": "any",
              "operator": "notExists",
              "path": "$output.query"
            }
          ]
        },
        {
          "_id": "90f734e5-22b8-47e2-8d78-c82164ee9648-925db384-f364-4a26-aa2e-a9b6578748a9",
          "nextTask": "90f734e5-22b8-47e2-8d78-c82164ee9648",
          "name": "If intents are already classified",
          "rules": [
            {
              "type": "any",
              "operator": "exists",
              "path": "$output.intents"
            },
            {
              "type": "any",
              "operator": "exists",
              "path": "$output.query"
            }
          ]
        },
        {
          "_id": "925db384-f364-4a26-aa2e-a9b6578748a9-2ecaec43-9621-4f0e-873a-b711db8e9a7f",
          "name": "If query exists",
          "nextTask": "2ecaec43-9621-4f0e-873a-b711db8e9a7f",
          "rules": [
            {
              "type": "any",
              "operator": "exists",
              "path": "$output.query"
            },
            {
              "type": "any",
              "operator": "notExists",
              "path": "$output.intents"
            }
          ]
        }
      ],
      "globalVariables": [
        {
          "name": "query",
          "referencePath": "$input.query"
        },
        {
          "name": "rawQuery",
          "referencePath": "$input.rawQuery"
        },
        {
          "name": "conversationId",
          "referencePath": "$input.conversationId"
        }
      ]
    },
    {
      "_id": "774524c1-1e6e-4db7-b383-2b7c451c440e",
      "type": "Input",
      "config": {
        "name": "User Input",
        "description": "Get user input",
        "type": "string"
      },
      "transitions": [
        {
          "_id": "774524c1-1e6e-4db7-b383-2b7c451c440e-2ecaec43-9621-4f0e-873a-b711db8e9a7f",
          "name": "Default",
          "nextTask": "2ecaec43-9621-4f0e-873a-b711db8e9a7f"
        }
      ],
      "globalVariables": [
        {
          "name": "query",
          "referencePath": "$output.userInput"
        },
        {
          "name": "rawQuery",
          "referencePath": "$output.userInput"
        },
        {
          "name": "selfLoopMiniAgent",
          "referencePath": "true"
        }
      ]
    },
    {
      "_id": "2ecaec43-9621-4f0e-873a-b711db8e9a7f",
      "type": "Loader",
      "config": {
        "name": "Loader",
        "description": "Display loader message",
        "type": "loader",
        "text": "Just a moment... identifying the best approach to assist you."
      },
      "transitions": [
        {
          "_id": "2ecaec43-9621-4f0e-873a-b711db8e9a7f-336bf3c6-c987-4346-bf56-a249a03fef2a",
          "name": "Default",
          "nextTask": "336bf3c6-c987-4346-bf56-a249a03fef2a"
        }
      ]
    },
    {
      "_id": "336bf3c6-c987-4346-bf56-a249a03fef2a",
      "type": "IntentClassification",
      "config": {
        "name": "Intent Classification",
        "description": "Classify the intent of the user message",
        "modelId": "56feb720-adb7-464a-8e6b-fd79a510ba5b",
        "intents": [
          {
            "name": "Upload income statement",
            "description": "Allows users to upload an income statement for analysis.",
            "examples": [
              ""
            ]
          },
          {
            "name": "Upload cashflow statement",
            "description": "takes cash flow statement doc and provides it's inferences",
            "examples": [
              "give me cash flow document"
            ]
          },
          {
            "name": "Upload balance sheet",
            "description": "takes balance sheet from user and provides insights",
            "examples": [
              "give me balance sheet"
            ]
          }
        ],
        "query": "$agent.query"
      },
      "transitions": [
        {
          "_id": "336bf3c6-c987-4346-bf56-a249a03fef2a-90f734e5-22b8-47e2-8d78-c82164ee9648",
          "name": "If Intent is Matched",
          "rules": [
            {
              "type": "string",
              "operator": "equal",
              "path": "$output.intentMatched",
              "value": "true"
            }
          ],
          "nextTask": "90f734e5-22b8-47e2-8d78-c82164ee9648"
        },
        {
          "_id": "336bf3c6-c987-4346-bf56-a249a03fef2a-238d4540-0fe3-4bde-af83-7bbd45c87d76",
          "name": "If No Intent is Matched",
          "rules": [
            {
              "type": "string",
              "operator": "equal",
              "path": "$output.intentMatched",
              "value": "false"
            }
          ],
          "nextTask": "238d4540-0fe3-4bde-af83-7bbd45c87d76"
        }
      ]
    },
    {
      "_id": "90f734e5-22b8-47e2-8d78-c82164ee9648",
      "type": "JSFunction",
      "config": {
        "name": "JS Function",
        "description": "Execute JS function",
        "code": "\nconst main = () => {\n    const currentExecutionId = _id;\n    const intents = agent?.icIntents?.[currentExecutionId] || input.intents;\n    const currentIndex = agent?.icLoopIndexes?.[currentExecutionId] || 0;\n    const currentIntent = intents[currentIndex] || {};\n    const { intent, task } = currentIntent;\n    const state = currentIndex === intents.length ? 'end' : 'continue'\n    const icLoopIndexes = { ...(agent?.icLoopIndexes || {}), [_id]: state === 'end' ? undefined : currentIndex + 1 };\n    const icIntents = { ...(agent?.icIntents || {}), [_id]: state === 'end' ? undefined : intents };\n    return { ...input, intent, state: currentIndex === intents.length ? 'end' : 'continue', icLoopIndexes, icIntents, query: task };\n};\n\nmain()\n"
      },
      "globalVariables": [
        {
          "referencePath": "$output.icLoopIndexes",
          "name": "icLoopIndexes"
        },
        {
          "referencePath": "$output.icIntents",
          "name": "icIntents"
        }
      ],
      "transitions": [
        {
          "_id": "90f734e5-22b8-47e2-8d78-c82164ee9648-20174814-3bf1-4880-894b-afe0016f8261",
          "name": "If Intent is Matched",
          "rules": [
            {
              "type": "string",
              "operator": "equal",
              "path": "$output.intent",
              "value": "Upload income statement"
            }
          ],
          "nextTask": "20174814-3bf1-4880-894b-afe0016f8261"
        },
        {
          "_id": "90f734e5-22b8-47e2-8d78-c82164ee9648-11c2c4cd-2d35-4331-933c-b5d20946f639",
          "name": "If Intent is Matched",
          "rules": [
            {
              "type": "string",
              "operator": "equal",
              "path": "$output.intent",
              "value": "Upload cashflow statement"
            }
          ],
          "nextTask": "11c2c4cd-2d35-4331-933c-b5d20946f639"
        },
        {
          "_id": "90f734e5-22b8-47e2-8d78-c82164ee9648-ba039120-e385-4bb6-907c-dc338923a128",
          "name": "If Intent is Matched",
          "rules": [
            {
              "type": "string",
              "operator": "equal",
              "path": "$output.intent",
              "value": "Upload balance sheet"
            }
          ],
          "nextTask": "ba039120-e385-4bb6-907c-dc338923a128"
        },
        {
          "_id": "90f734e5-22b8-47e2-8d78-c82164ee9648-774524c1-1e6e-4db7-b383-2b7c451c440e",
          "name": "If Self Loop",
          "rules": [
            {
              "type": "string",
              "operator": "equal",
              "path": "$agent.selfLoopMiniAgent",
              "value": "true"
            },
            {
              "type": "string",
              "operator": "equal",
              "path": "$output.state",
              "value": "end"
            }
          ],
          "nextTask": "774524c1-1e6e-4db7-b383-2b7c451c440e"
        }
      ]
    },
    {
      "_id": "20174814-3bf1-4880-894b-afe0016f8261",
      "type": "Workflow",
      "config": {
        "name": "Intent - Upload income statement",
        "description": "Workflow for intent - Upload income statement",
        "workflowId": "e05e8b60-b037-40d8-a745-8f8755fa0005"
      },
      "transitions": [
        {
          "_id": "20174814-3bf1-4880-894b-afe0016f8261-90f734e5-22b8-47e2-8d78-c82164ee9648",
          "name": "Mini agent execution completed",
          "nextTask": "90f734e5-22b8-47e2-8d78-c82164ee9648"
        }
      ]
    },
    {
      "_id": "11c2c4cd-2d35-4331-933c-b5d20946f639",
      "type": "Workflow",
      "config": {
        "name": "Intent - Upload cashflow statement",
        "description": "Workflow for intent - Upload cashflow statement",
        "workflowId": "7f479e8e-937e-43dc-9514-0d3fa076bf21"
      },
      "transitions": [
        {
          "_id": "11c2c4cd-2d35-4331-933c-b5d20946f639-90f734e5-22b8-47e2-8d78-c82164ee9648",
          "name": "Mini agent execution completed",
          "nextTask": "90f734e5-22b8-47e2-8d78-c82164ee9648"
        }
      ]
    },
    {
      "_id": "ba039120-e385-4bb6-907c-dc338923a128",
      "type": "Workflow",
      "config": {
        "name": "Intent - Upload balance sheet",
        "description": "Workflow for intent - Upload balance sheet",
        "workflowId": "79fb0092-ea1c-4cac-9c7e-048c894250aa"
      },
      "transitions": [
        {
          "_id": "ba039120-e385-4bb6-907c-dc338923a128-90f734e5-22b8-47e2-8d78-c82164ee9648",
          "name": "Mini agent execution completed",
          "nextTask": "90f734e5-22b8-47e2-8d78-c82164ee9648"
        }
      ]
    },
    {
      "_id": "238d4540-0fe3-4bde-af83-7bbd45c87d76",
      "transitions": [
        {
          "_id": "238d4540-0fe3-4bde-af83-7bbd45c87d76-774524c1-1e6e-4db7-b383-2b7c451c440e",
          "name": "If Self Loop",
          "rules": [
            {
              "type": "string",
              "operator": "equal",
              "path": "$agent.selfLoopMiniAgent",
              "value": "true"
            }
          ],
          "nextTask": "774524c1-1e6e-4db7-b383-2b7c451c440e"
        }
      ],
      "type": "Output",
      "config": {
        "name": "Output",
        "description": "Output the response to the user",
        "type": "external",
        "text": "Unable to complete task $agent.query"
      }
    },
    {
      "_id": "4e77dd30-8f65-4dec-8356-0dbc341d323a",
      "transitions": [
        {
          "_id": "4e77dd30-8f65-4dec-8356-0dbc341d323a-774524c1-1e6e-4db7-b383-2b7c451c440e",
          "name": "If Self Loop",
          "rules": [
            {
              "type": "string",
              "operator": "equal",
              "path": "$agent.selfLoopMiniAgent",
              "value": "true"
            }
          ],
          "nextTask": "774524c1-1e6e-4db7-b383-2b7c451c440e"
        }
      ],
      "type": "Display",
      "config": {
        "name": "Display",
        "description": "Display the response to the user",
        "type": "text",
        "text": "$input.content"
      }
    }
  ],
  "type": "Conversational",
  "version": "latest"
}