{
  "_id": "4ab57a03-670c-42e1-9bd8-5887e0207a1f",
  "aiPersonaId": "488a376c-7f2a-44d1-84f6-893c3e7a9b57",
  "integrationId": "ma-financial-planning-and-analysis-3642-primary-workflow-for-financial-planning-and-analysis",
  "isMiniAgentPrimaryWorkflow": true,
  "name": "Primary Workflow for Financial Planning and Analysis",
  "publisherAccountId": "1b57188b-7473-4cb9-92ec-238389ea212e",
  "startTaskId": "ca1be9fc-30be-4b25-b9f7-8644ca5c5d9d",
  "status": "Active",
  "tasks": [
    {
      "_id": "ca1be9fc-30be-4b25-b9f7-8644ca5c5d9d",
      "type": "PassThrough",
      "config": {
        "name": "Pass Through",
        "description": "Pass through the input to the output"
      },
      "transitions": [
        {
          "_id": "0ed7102f-94e2-4f99-9be1-8a9eb36b8915-ca1be9fc-30be-4b25-b9f7-8644ca5c5d9d",
          "nextTask": "0ed7102f-94e2-4f99-9be1-8a9eb36b8915",
          "name": "If query doesnt exists",
          "rules": [
            {
              "type": "any",
              "operator": "notExists",
              "path": "$output.query"
            }
          ]
        },
        {
          "_id": "3681a5b8-b179-4e1f-b4d4-7a9b24fd0bff-ca1be9fc-30be-4b25-b9f7-8644ca5c5d9d",
          "nextTask": "3681a5b8-b179-4e1f-b4d4-7a9b24fd0bff",
          "name": "If intents are already classified",
          "rules": [
            {
              "type": "any",
              "operator": "exists",
              "path": "$output.intents"
            },
            {
              "type": "any",
              "operator": "exists",
              "path": "$output.query"
            }
          ]
        },
        {
          "_id": "ca1be9fc-30be-4b25-b9f7-8644ca5c5d9d-9c1416bd-b8c7-42ca-a3b6-16ccdf1940d8",
          "name": "If query exists",
          "nextTask": "9c1416bd-b8c7-42ca-a3b6-16ccdf1940d8",
          "rules": [
            {
              "type": "any",
              "operator": "exists",
              "path": "$output.query"
            },
            {
              "type": "any",
              "operator": "notExists",
              "path": "$output.intents"
            }
          ]
        }
      ],
      "globalVariables": [
        {
          "name": "query",
          "referencePath": "$input.query"
        },
        {
          "name": "rawQuery",
          "referencePath": "$input.rawQuery"
        },
        {
          "name": "conversationId",
          "referencePath": "$input.conversationId"
        }
      ]
    },
    {
      "_id": "0ed7102f-94e2-4f99-9be1-8a9eb36b8915",
      "type": "Input",
      "config": {
        "name": "User Input",
        "description": "Get user input",
        "type": "string"
      },
      "transitions": [
        {
          "_id": "0ed7102f-94e2-4f99-9be1-8a9eb36b8915-9c1416bd-b8c7-42ca-a3b6-16ccdf1940d8",
          "name": "Default",
          "nextTask": "9c1416bd-b8c7-42ca-a3b6-16ccdf1940d8"
        }
      ],
      "globalVariables": [
        {
          "name": "query",
          "referencePath": "$output.userInput"
        },
        {
          "name": "rawQuery",
          "referencePath": "$output.userInput"
        },
        {
          "name": "selfLoopMiniAgent",
          "referencePath": "true"
        }
      ]
    },
    {
      "_id": "9c1416bd-b8c7-42ca-a3b6-16ccdf1940d8",
      "type": "Loader",
      "config": {
        "name": "Loader",
        "description": "Display loader message",
        "type": "loader",
        "text": "Just a moment... identifying the best approach to assist you."
      },
      "transitions": [
        {
          "_id": "9c1416bd-b8c7-42ca-a3b6-16ccdf1940d8-1d256069-6ff7-46d3-b184-93db774415cf",
          "name": "Default",
          "nextTask": "1d256069-6ff7-46d3-b184-93db774415cf"
        }
      ]
    },
    {
      "_id": "1d256069-6ff7-46d3-b184-93db774415cf",
      "type": "IntentClassification",
      "config": {
        "name": "Intent Classification",
        "description": "Classify the intent of the user message",
        "modelId": "4cf651d9-edf3-455f-a22e-53cc67fcc07b",
        "intents": [
          {
            "name": "Growth Strategies",
            "description": "Provides recommendations based on widely implemented business strategies and guides startups in budgeting and resource management using AI-based tools.",
            "examples": [
              "What growth strategies should we consider for our startup?",
              "Can you help us with budgeting and resource management?",
              "What are some AI tools for improving our business strategies?"
            ]
          },
          {
            "name": "Loan & Credit Analysis",
            "description": "Offers AI-driven loan recommendations, identifying banks or NBFCs with the best interest rates for startups.",
            "examples": [
              "Which bank offers the best loan interest rates for startups?",
              "Can you recommend a loan option for our business?",
              "What are the best NBFCs for startup loans?"
            ]
          },
          {
            "name": "Cash Flow and Investment Management",
            "description": "Predicts cash surplus or deficit and suggests investment or cost-cutting strategies, including recommendations for short-term investments like FDs, bonds, and mutual funds.",
            "examples": [
              "How can we manage our cash flow better?",
              "What short-term investments should we consider for surplus funds?",
              "Can you suggest cost-cutting strategies for our startup?"
            ]
          },
          {
            "name": "Credit Score and Risk Analysis",
            "description": "Fetches and analyzes business credit scores and suggests ways to optimize them.",
            "examples": [
              "What is our current business credit score?",
              "How can we improve our credit score?",
              "Can you analyze our credit risk?"
            ]
          }
        ],
        "query": "$agent.query"
      },
      "transitions": [
        {
          "_id": "1d256069-6ff7-46d3-b184-93db774415cf-3681a5b8-b179-4e1f-b4d4-7a9b24fd0bff",
          "name": "If Intent is Matched",
          "rules": [
            {
              "type": "string",
              "operator": "equal",
              "path": "$output.intentMatched",
              "value": "true"
            }
          ],
          "nextTask": "3681a5b8-b179-4e1f-b4d4-7a9b24fd0bff"
        },
        {
          "_id": "1d256069-6ff7-46d3-b184-93db774415cf-50fb6a5c-9333-429b-ba11-ace682636875",
          "name": "If No Intent is Matched",
          "rules": [
            {
              "type": "string",
              "operator": "equal",
              "path": "$output.intentMatched",
              "value": "false"
            }
          ],
          "nextTask": "50fb6a5c-9333-429b-ba11-ace682636875"
        }
      ]
    },
    {
      "_id": "3681a5b8-b179-4e1f-b4d4-7a9b24fd0bff",
      "type": "JSFunction",
      "config": {
        "name": "JS Function",
        "description": "Execute JS function",
        "code": "\nconst main = () => {\n    const currentExecutionId = _id;\n    const intents = agent?.icIntents?.[currentExecutionId] || input.intents;\n    const currentIndex = agent?.icLoopIndexes?.[currentExecutionId] || 0;\n    const currentIntent = intents[currentIndex] || {};\n    const { intent, task } = currentIntent;\n    const state = currentIndex === intents.length ? 'end' : 'continue'\n    const icLoopIndexes = { ...(agent?.icLoopIndexes || {}), [_id]: state === 'end' ? undefined : currentIndex + 1 };\n    const icIntents = { ...(agent?.icIntents || {}), [_id]: state === 'end' ? undefined : intents };\n    return { ...input, intent, state: currentIndex === intents.length ? 'end' : 'continue', icLoopIndexes, icIntents, query: task };\n};\n\nmain()\n"
      },
      "globalVariables": [
        {
          "referencePath": "$output.icLoopIndexes",
          "name": "icLoopIndexes"
        },
        {
          "referencePath": "$output.icIntents",
          "name": "icIntents"
        }
      ],
      "transitions": [
        {
          "_id": "3681a5b8-b179-4e1f-b4d4-7a9b24fd0bff-a6066920-b41d-43f7-a291-9d31aae6a7c6",
          "name": "If Intent is Matched",
          "rules": [
            {
              "type": "string",
              "operator": "equal",
              "path": "$output.intent",
              "value": "Growth Strategies"
            }
          ],
          "nextTask": "a6066920-b41d-43f7-a291-9d31aae6a7c6"
        },
        {
          "_id": "3681a5b8-b179-4e1f-b4d4-7a9b24fd0bff-5d3324c0-c32d-4580-a304-369866f1ccca",
          "name": "If Intent is Matched",
          "rules": [
            {
              "type": "string",
              "operator": "equal",
              "path": "$output.intent",
              "value": "Loan & Credit Analysis"
            }
          ],
          "nextTask": "5d3324c0-c32d-4580-a304-369866f1ccca"
        },
        {
          "_id": "3681a5b8-b179-4e1f-b4d4-7a9b24fd0bff-4dead157-e4dd-48db-863f-666aa882796a",
          "name": "If Intent is Matched",
          "rules": [
            {
              "type": "string",
              "operator": "equal",
              "path": "$output.intent",
              "value": "Cash Flow and Investment Management"
            }
          ],
          "nextTask": "4dead157-e4dd-48db-863f-666aa882796a"
        },
        {
          "_id": "3681a5b8-b179-4e1f-b4d4-7a9b24fd0bff-201976b3-3568-4533-8d0a-bcf969fcd96d",
          "name": "If Intent is Matched",
          "rules": [
            {
              "type": "string",
              "operator": "equal",
              "path": "$output.intent",
              "value": "Credit Score and Risk Analysis"
            }
          ],
          "nextTask": "201976b3-3568-4533-8d0a-bcf969fcd96d"
        },
        {
          "_id": "3681a5b8-b179-4e1f-b4d4-7a9b24fd0bff-0ed7102f-94e2-4f99-9be1-8a9eb36b8915",
          "name": "If Self Loop",
          "rules": [
            {
              "type": "string",
              "operator": "equal",
              "path": "$agent.selfLoopMiniAgent",
              "value": "true"
            },
            {
              "type": "string",
              "operator": "equal",
              "path": "$output.state",
              "value": "end"
            }
          ],
          "nextTask": "0ed7102f-94e2-4f99-9be1-8a9eb36b8915"
        }
      ]
    },
    {
      "_id": "a6066920-b41d-43f7-a291-9d31aae6a7c6",
      "type": "Workflow",
      "config": {
        "name": "Intent - Growth Strategies",
        "description": "Workflow for intent - Growth Strategies",
        "workflowId": "eb7441b4-6acd-40af-b0ae-1f68039db752"
      },
      "transitions": [
        {
          "_id": "a6066920-b41d-43f7-a291-9d31aae6a7c6-3681a5b8-b179-4e1f-b4d4-7a9b24fd0bff",
          "name": "Mini agent execution completed",
          "nextTask": "3681a5b8-b179-4e1f-b4d4-7a9b24fd0bff"
        }
      ]
    },
    {
      "_id": "5d3324c0-c32d-4580-a304-369866f1ccca",
      "type": "Workflow",
      "config": {
        "name": "Intent - Loan & Credit Analysis",
        "description": "Workflow for intent - Loan & Credit Analysis",
        "workflowId": "150b766b-eb6e-45a7-9bfd-ea5cff076a1c"
      },
      "transitions": [
        {
          "_id": "5d3324c0-c32d-4580-a304-369866f1ccca-3681a5b8-b179-4e1f-b4d4-7a9b24fd0bff",
          "name": "Mini agent execution completed",
          "nextTask": "3681a5b8-b179-4e1f-b4d4-7a9b24fd0bff"
        }
      ]
    },
    {
      "_id": "4dead157-e4dd-48db-863f-666aa882796a",
      "type": "Workflow",
      "config": {
        "name": "Intent - Cash Flow and Investment Management",
        "description": "Workflow for intent - Cash Flow and Investment Management",
        "workflowId": "8ebe5d0a-738b-4648-805d-9715210bcf3e"
      },
      "transitions": [
        {
          "_id": "4dead157-e4dd-48db-863f-666aa882796a-3681a5b8-b179-4e1f-b4d4-7a9b24fd0bff",
          "name": "Mini agent execution completed",
          "nextTask": "3681a5b8-b179-4e1f-b4d4-7a9b24fd0bff"
        }
      ]
    },
    {
      "_id": "201976b3-3568-4533-8d0a-bcf969fcd96d",
      "type": "Workflow",
      "config": {
        "name": "Intent - Credit Score and Risk Analysis",
        "description": "Workflow for intent - Credit Score and Risk Analysis",
        "workflowId": "ef1c738b-be23-4c86-878c-d80ac2501050"
      },
      "transitions": [
        {
          "_id": "201976b3-3568-4533-8d0a-bcf969fcd96d-3681a5b8-b179-4e1f-b4d4-7a9b24fd0bff",
          "name": "Mini agent execution completed",
          "nextTask": "3681a5b8-b179-4e1f-b4d4-7a9b24fd0bff"
        }
      ]
    },
    {
      "_id": "50fb6a5c-9333-429b-ba11-ace682636875",
      "transitions": [
        {
          "_id": "50fb6a5c-9333-429b-ba11-ace682636875-0ed7102f-94e2-4f99-9be1-8a9eb36b8915",
          "name": "If Self Loop",
          "rules": [
            {
              "type": "string",
              "operator": "equal",
              "path": "$agent.selfLoopMiniAgent",
              "value": "true"
            }
          ],
          "nextTask": "0ed7102f-94e2-4f99-9be1-8a9eb36b8915"
        }
      ],
      "type": "Output",
      "config": {
        "name": "Output",
        "description": "Output the response to the user",
        "type": "external",
        "text": "Unable to complete task $agent.query"
      }
    },
    {
      "_id": "92cb388b-5cd0-4c29-ba4b-7491d528833f",
      "transitions": [
        {
          "_id": "92cb388b-5cd0-4c29-ba4b-7491d528833f-0ed7102f-94e2-4f99-9be1-8a9eb36b8915",
          "name": "If Self Loop",
          "rules": [
            {
              "type": "string",
              "operator": "equal",
              "path": "$agent.selfLoopMiniAgent",
              "value": "true"
            }
          ],
          "nextTask": "0ed7102f-94e2-4f99-9be1-8a9eb36b8915"
        }
      ],
      "type": "Display",
      "config": {
        "name": "Display",
        "description": "Display the response to the user",
        "type": "text",
        "text": "$input.content"
      }
    }
  ],
  "type": "Conversational",
  "version": "latest"
}