{
  "_id": "85560801-a0a4-4d8a-84fe-32e89ba35b3d",
  "aiPersonaId": "488a376c-7f2a-44d1-84f6-893c3e7a9b57",
  "integrationId": "ma-news-alerts-8824-primary-workflow-for-news-alerts",
  "isMiniAgentPrimaryWorkflow": true,
  "name": "Primary Workflow for News Alerts",
  "publisherAccountId": "1b57188b-7473-4cb9-92ec-238389ea212e",
  "startTaskId": "b9d8551d-8424-41eb-8623-06379ee9f873",
  "status": "Active",
  "tasks": [
    {
      "_id": "b9d8551d-8424-41eb-8623-06379ee9f873",
      "type": "PassThrough",
      "config": {
        "name": "Pass Through",
        "description": "Pass through the input to the output"
      },
      "transitions": [
        {
          "_id": "615e5850-9e9f-4a4f-8678-935ed92a1a5b-b9d8551d-8424-41eb-8623-06379ee9f873",
          "nextTask": "615e5850-9e9f-4a4f-8678-935ed92a1a5b",
          "name": "If query doesnt exists",
          "rules": [
            {
              "type": "any",
              "operator": "notExists",
              "path": "$output.query"
            }
          ]
        },
        {
          "_id": "c1b7ff86-c497-407e-8a35-070903d212ab-b9d8551d-8424-41eb-8623-06379ee9f873",
          "nextTask": "c1b7ff86-c497-407e-8a35-070903d212ab",
          "name": "If intents are already classified",
          "rules": [
            {
              "type": "any",
              "operator": "exists",
              "path": "$output.intents"
            },
            {
              "type": "any",
              "operator": "exists",
              "path": "$output.query"
            }
          ]
        },
        {
          "_id": "b9d8551d-8424-41eb-8623-06379ee9f873-d5daf7aa-b077-40c8-88cd-e82fdce0b777",
          "name": "If query exists",
          "nextTask": "d5daf7aa-b077-40c8-88cd-e82fdce0b777",
          "rules": [
            {
              "type": "any",
              "operator": "exists",
              "path": "$output.query"
            },
            {
              "type": "any",
              "operator": "notExists",
              "path": "$output.intents"
            }
          ]
        }
      ],
      "globalVariables": [
        {
          "name": "query",
          "referencePath": "$input.query"
        },
        {
          "name": "rawQuery",
          "referencePath": "$input.rawQuery"
        },
        {
          "name": "conversationId",
          "referencePath": "$input.conversationId"
        }
      ]
    },
    {
      "_id": "615e5850-9e9f-4a4f-8678-935ed92a1a5b",
      "type": "Input",
      "config": {
        "name": "User Input",
        "description": "Get user input",
        "type": "string"
      },
      "transitions": [
        {
          "_id": "615e5850-9e9f-4a4f-8678-935ed92a1a5b-d5daf7aa-b077-40c8-88cd-e82fdce0b777",
          "name": "Default",
          "nextTask": "d5daf7aa-b077-40c8-88cd-e82fdce0b777"
        }
      ],
      "globalVariables": [
        {
          "name": "query",
          "referencePath": "$output.userInput"
        },
        {
          "name": "rawQuery",
          "referencePath": "$output.userInput"
        },
        {
          "name": "selfLoopMiniAgent",
          "referencePath": "true"
        }
      ]
    },
    {
      "_id": "d5daf7aa-b077-40c8-88cd-e82fdce0b777",
      "type": "Loader",
      "config": {
        "name": "Loader",
        "description": "Display loader message",
        "type": "loader",
        "text": "Just a moment... identifying the best approach to assist you."
      },
      "transitions": [
        {
          "_id": "d5daf7aa-b077-40c8-88cd-e82fdce0b777-a89f0a55-805f-4609-8611-02989d0bbacf",
          "name": "Default",
          "nextTask": "a89f0a55-805f-4609-8611-02989d0bbacf"
        }
      ]
    },
    {
      "_id": "a89f0a55-805f-4609-8611-02989d0bbacf",
      "type": "IntentClassification",
      "config": {
        "name": "Intent Classification",
        "description": "Classify the intent of the user message",
        "modelId": "4cf651d9-edf3-455f-a22e-53cc67fcc07b",
        "intents": [
          {
            "name": "Industry News Updates",
            "description": "Provides updates on industry trends and competitor activities to help startups stay informed.",
            "examples": [
              "What are the latest trends in our industry?",
              "Can you provide news updates about our competitors?",
              "What recent developments should we be aware of?"
            ]
          }
        ],
        "query": "$agent.query"
      },
      "transitions": [
        {
          "_id": "a89f0a55-805f-4609-8611-02989d0bbacf-c1b7ff86-c497-407e-8a35-070903d212ab",
          "name": "If Intent is Matched",
          "rules": [
            {
              "type": "string",
              "operator": "equal",
              "path": "$output.intentMatched",
              "value": "true"
            }
          ],
          "nextTask": "c1b7ff86-c497-407e-8a35-070903d212ab"
        },
        {
          "_id": "a89f0a55-805f-4609-8611-02989d0bbacf-ab09aa5b-0bc6-4a37-a388-2857c517f175",
          "name": "If No Intent is Matched",
          "rules": [
            {
              "type": "string",
              "operator": "equal",
              "path": "$output.intentMatched",
              "value": "false"
            }
          ],
          "nextTask": "ab09aa5b-0bc6-4a37-a388-2857c517f175"
        }
      ]
    },
    {
      "_id": "c1b7ff86-c497-407e-8a35-070903d212ab",
      "type": "JSFunction",
      "config": {
        "name": "JS Function",
        "description": "Execute JS function",
        "code": "\nconst main = () => {\n    const currentExecutionId = _id;\n    const intents = agent?.icIntents?.[currentExecutionId] || input.intents;\n    const currentIndex = agent?.icLoopIndexes?.[currentExecutionId] || 0;\n    const currentIntent = intents[currentIndex] || {};\n    const { intent, task } = currentIntent;\n    const state = currentIndex === intents.length ? 'end' : 'continue'\n    const icLoopIndexes = { ...(agent?.icLoopIndexes || {}), [_id]: state === 'end' ? undefined : currentIndex + 1 };\n    const icIntents = { ...(agent?.icIntents || {}), [_id]: state === 'end' ? undefined : intents };\n    return { ...input, intent, state: currentIndex === intents.length ? 'end' : 'continue', icLoopIndexes, icIntents, query: task };\n};\n\nmain()\n"
      },
      "globalVariables": [
        {
          "referencePath": "$output.icLoopIndexes",
          "name": "icLoopIndexes"
        },
        {
          "referencePath": "$output.icIntents",
          "name": "icIntents"
        }
      ],
      "transitions": [
        {
          "_id": "c1b7ff86-c497-407e-8a35-070903d212ab-fd340dd4-9219-41fb-9e4f-3f54f8f28e9f",
          "name": "If Intent is Matched",
          "rules": [
            {
              "type": "string",
              "operator": "equal",
              "path": "$output.intent",
              "value": "Industry News Updates"
            }
          ],
          "nextTask": "fd340dd4-9219-41fb-9e4f-3f54f8f28e9f"
        },
        {
          "_id": "c1b7ff86-c497-407e-8a35-070903d212ab-615e5850-9e9f-4a4f-8678-935ed92a1a5b",
          "name": "If Self Loop",
          "rules": [
            {
              "type": "string",
              "operator": "equal",
              "path": "$agent.selfLoopMiniAgent",
              "value": "true"
            },
            {
              "type": "string",
              "operator": "equal",
              "path": "$output.state",
              "value": "end"
            }
          ],
          "nextTask": "615e5850-9e9f-4a4f-8678-935ed92a1a5b"
        }
      ]
    },
    {
      "_id": "fd340dd4-9219-41fb-9e4f-3f54f8f28e9f",
      "type": "Workflow",
      "config": {
        "name": "Intent - Industry News Updates",
        "description": "Workflow for intent - Industry News Updates",
        "workflowId": "100297bf-7153-4f39-a126-3880780c5fae"
      },
      "transitions": [
        {
          "_id": "fd340dd4-9219-41fb-9e4f-3f54f8f28e9f-c1b7ff86-c497-407e-8a35-070903d212ab",
          "name": "Mini agent execution completed",
          "nextTask": "c1b7ff86-c497-407e-8a35-070903d212ab"
        }
      ]
    },
    {
      "_id": "ab09aa5b-0bc6-4a37-a388-2857c517f175",
      "transitions": [
        {
          "_id": "ab09aa5b-0bc6-4a37-a388-2857c517f175-615e5850-9e9f-4a4f-8678-935ed92a1a5b",
          "name": "If Self Loop",
          "rules": [
            {
              "type": "string",
              "operator": "equal",
              "path": "$agent.selfLoopMiniAgent",
              "value": "true"
            }
          ],
          "nextTask": "615e5850-9e9f-4a4f-8678-935ed92a1a5b"
        }
      ],
      "type": "Output",
      "config": {
        "name": "Output",
        "description": "Output the response to the user",
        "type": "external",
        "text": "Unable to complete task $agent.query"
      }
    },
    {
      "_id": "ee61660c-30ca-45dd-906a-72f604592f0d",
      "transitions": [
        {
          "_id": "ee61660c-30ca-45dd-906a-72f604592f0d-615e5850-9e9f-4a4f-8678-935ed92a1a5b",
          "name": "If Self Loop",
          "rules": [
            {
              "type": "string",
              "operator": "equal",
              "path": "$agent.selfLoopMiniAgent",
              "value": "true"
            }
          ],
          "nextTask": "615e5850-9e9f-4a4f-8678-935ed92a1a5b"
        }
      ],
      "type": "Display",
      "config": {
        "name": "Display",
        "description": "Display the response to the user",
        "type": "text",
        "text": "$input.content"
      }
    }
  ],
  "type": "Conversational",
  "version": "latest"
}