{
  "_id": "e1deb4c4-9ba0-47f0-9ae3-1f311a6bfbc1",
  "aiPersonaId": "488a376c-7f2a-44d1-84f6-893c3e7a9b57",
  "integrationId": "startup-comparative-analysis-1790",
  "name": "Workflow for Startup Comparative Analysis",
  "publisherAccountId": "1b57188b-7473-4cb9-92ec-238389ea212e",
  "startTaskId": "32065196-573f-4a92-8c02-baaadf4452bf",
  "status": "Active",
  "tasks": [
    {
      "_id": "32065196-573f-4a92-8c02-baaadf4452bf",
      "transitions": [],
      "type": "Display",
      "config": {
        "name": "Display",
        "description": "Display the response to the user",
        "type": "text",
        "text": "Hi there! Intent $input.intent has been matched"
      }
    }
  ],
  "type": "Conversational",
  "version": "latest"
}