{
  "_id": "4b33514c-d2fd-4014-bcc0-9c0c3b349477",
  "aiPersonaId": "488a376c-7f2a-44d1-84f6-893c3e7a9b57",
  "integrationId": "upload-cashflow-statement-3892",
  "name": "Workflow for Upload cashflow statement",
  "publisherAccountId": "1b57188b-7473-4cb9-92ec-238389ea212e",
  "startTaskId": "361c7fcb-6abc-4ead-85a4-692cbb9866bf",
  "status": "Active",
  "tasks": [
    {
      "_id": "361c7fcb-6abc-4ead-85a4-692cbb9866bf",
      "transitions": [],
      "type": "Display",
      "config": {
        "name": "Display",
        "description": "Display the response to the user",
        "type": "text",
        "text": "Hi there! Intent $input.intent has been matched"
      }
    }
  ],
  "type": "Conversational",
  "version": "latest"
}