{
  "_id": "c382d882-8fd9-4ff3-805d-18cf568e5e52",
  "aiPersonaId": "488a376c-7f2a-44d1-84f6-893c3e7a9b57",
  "integrationId": "upload-balance-sheet-0597",
  "name": "Workflow for Upload balance sheet",
  "publisherAccountId": "1b57188b-7473-4cb9-92ec-238389ea212e",
  "startTaskId": "98af17c7-a592-46d3-a8e1-e6b53eb02734",
  "status": "Active",
  "tasks": [
    {
      "_id": "98af17c7-a592-46d3-a8e1-e6b53eb02734",
      "transitions": [],
      "type": "Display",
      "config": {
        "name": "Display",
        "description": "Display the response to the user",
        "type": "text",
        "text": "Hi there! Intent $input.intent has been matched"
      }
    }
  ],
  "type": "Conversational",
  "version": "latest"
}