{
  "_id": "7f479e8e-937e-43dc-9514-0d3fa076bf21",
  "name": "Workflow for Upload income statement Copy 1743220550064",
  "publisherAccountId": "1b57188b-7473-4cb9-92ec-238389ea212e",
  "integrationId": "workflow-for-upload-income-statement-copy-1743220550064",
  "status": "Active",
  "version": "latest",
  "type": "Conversational",
  "tasks": [
    {
      "_id": "631f4133-5571-45f7-94cb-88306129c587",
      "type": "Display",
      "config": {
        "description": "Display the response to the user",
        "name": "Display",
        "type": "text",
        "text": "<p>Hi there! Intent $input.intent has been matched</p><p><span class=\"text-inherit p-0 m-0 text-primary-dark bg-primary-light/80\" data-type=\"mention\" data-id=\"input.content\">$input.content</span> </p>",
        "formatVariables": [],
        "rawText": "Hi there! Intent $input.intent has been matched\n\n$input.content"
      },
      "transitions": []
    },
    {
      "_id": "1743218895047",
      "type": "Loader",
      "config": {
        "description": "Show loading messages in conversation",
        "name": "Loader",
        "text": "Let's get your documents ready."
      },
      "transitions": [
        {
          "name": "Default",
          "_id": "1743218895047-1743218911015",
          "nextTask": "1743218911015"
        }
      ]
    },
    {
      "_id": "1743218911015",
      "type": "DocumentUpload",
      "config": {
        "description": "Upload document",
        "name": "Upload Document ",
        "uploadTo": "conversation",
        "uploadMethod": "UserInput",
        "supportedFileTypes": [
          "pdf"
        ]
      },
      "transitions": [
        {
          "name": "Default",
          "_id": "1743218911015-1743220160380",
          "nextTask": "1743220160380"
        }
      ],
      "globalVariables": [
        {
          "name": "cash_flow_statement",
          "referencePath": "$output.documentId"
        }
      ]
    },
    {
      "_id": "1743220160380",
      "type": "DocumentToImage",
      "config": {
        "description": "Convert document to Images",
        "name": "Document To Image",
        "documentId": "$agent.cash_flow_statement"
      },
      "transitions": [
        {
          "name": "Default",
          "_id": "1743220160380-1743220253295",
          "nextTask": "1743220253295"
        }
      ],
      "globalVariables": []
    },
    {
      "_id": "1743220253295",
      "type": "JSFunction",
      "config": {
        "description": "Execute JavaScript code",
        "name": "JavaScript",
        "snippetId": "ff19a3d2-4fb4-4ed5-b3b5-cfa7a8157f2f"
      },
      "transitions": [
        {
          "name": "Default",
          "_id": "1743220253295-1743220443110",
          "nextTask": "1743220443110"
        }
      ]
    },
    {
      "_id": "1743220443110",
      "type": "Prompt",
      "config": {
        "description": "Prompt for LLM",
        "name": "Prompt",
        "modelId": "56feb720-adb7-464a-8e6b-fd79a510ba5b",
        "base64DocumentData": "",
        "documentIds": "$input.result",
        "responseFormat": "text",
        "query": "Upload income flow document ",
        "systemPrompt": "You are a financial evaluation assistant that analyzes a startup’s **Cash Flow Statement** to assess its **loan eligibility, financial stability, and creditworthiness**. Given a structured Cash Flow Statement, extract key financial indicators and generate a **detailed financial assessment**.  \n\n### **Step 1: Extract Key Metrics**  \nFrom the provided **Cash Flow Statement**, extract the following:  \n1️⃣ **Operating Cash Flow (OCF)** = Net Income + Non-Cash Adjustments + Working Capital Changes  \n2️⃣ **Free Cash Flow (FCF)** = OCF - Capital Expenditures (CapEx)  \n3️⃣ **Cash Flow to Debt Ratio** = OCF / Total Debt  \n4️⃣ **Cash Flow from Financing** (Debt Issuance, Debt Repayments, Equity Raised)  \n5️⃣ **Net Cash Flow (Overall Cash Position Change)**  \n\n---\n\n### **Step 2: Evaluate Startup Financial Health**  \n\n#### **1️⃣ Liquidity & Short-Term Solvency**  \n🔹 **Operating Cash Flow (OCF):**  \n   - ✅ Positive OCF → Business generates sufficient cash to cover operations.  \n   - ❌ Negative OCF → Startup relies on external funding, high risk.  \n\n🔹 **Cash Flow to Current Liabilities Ratio:**  \n   - Formula: **OCF / Current Liabilities**  \n   - ✅ Above 1.0 → Strong liquidity.  \n   - ❌ Below 1.0 → Potential short-term cash crunch.  \n\n---\n\n#### **2️⃣ Debt Repayment & Loan Eligibility**  \n🔹 **Cash Flow to Debt Ratio:**  \n   - Formula: **OCF / Total Debt**  \n   - ✅ Above 0.2 → Business can service existing debt.  \n   - ❌ Below 0.2 → High risk of default.  \n\n🔹 **Debt Repayment vs. Debt Issuance:**  \n   - ✅ More repayments → Startup is managing debt well.  \n   - ❌ More debt issuance → Startup may be overleveraged.  \n\n🔹 **Loan Eligibility Estimate:**  \n   - Formula: **Max Loan = (EBITDA × DSCR × Bank Multiplier)**  \n   - Output the maximum **loan amount** based on extracted financials.  \n\n---\n\n#### **3️⃣ Growth & Expansion Potential**  \n🔹 **Free Cash Flow (FCF):**  \n   - ✅ Positive → Startup has excess funds for growth.  \n   - ❌ Negative → Startup needs external funding for expansion.  \n\n🔹 **Investing Cash Flow Trends:**  \n   - ✅ Spending on assets (CapEx) → Growth investment.  \n   - ❌ Selling assets frequently → Possible financial distress.  \n\n---\n\n#### **4️⃣ Stability & Predictability**  \n🔹 **Cash Flow Volatility:**  \n   - ✅ Consistent cash flows → Low risk, stable startup.  \n   - ❌ Fluctuating cash flows → Business uncertainty.  \n\n🔹 **Net Cash Flow Trend:**  \n   - ✅ Positive → Good financial health.  \n   - ❌ Negative → May need financial restructuring.  \n\n---\n\n### **Step 3: Generate Insights & Final Score**  \n1️⃣ **Loan Eligibility Estimate** (Max Loan Amount)  \n2️⃣ **Liquidity & Debt Repayment Strength**  \n3️⃣ **Growth & Investment Capacity**  \n4️⃣ **Financial Risk Level**  \n5️⃣ **Creditworthiness Score (Out of 100)**  \n\n📌 **Scoring System:**  \n- **Above 80:** Low-risk, high approval chance.  \n- **50-80:** Moderate risk, approval possible with conditions.  \n- **Below 50:** High-risk, unlikely to get a loan.  \n\n---\n\n### **Step 4: Output the Financial Evaluation Report**  \n💡 **Provide a structured summary** including:  \n✅ **Loan eligibility & repayment strength**  \n✅ **Cash flow-based risk factors**  \n✅ **Growth sustainability**  \n✅ **Final creditworthiness score**  \n\nEnsure outputs are **clear, data-driven, and ready for financial decision-making**.  \n\n---\nyou need to show give me the profit margins and what's it's inference is ",
        "temperature": null
      },
      "transitions": [
        {
          "name": "Default",
          "_id": "1743220443110-631f4133-5571-45f7-94cb-88306129c587",
          "nextTask": "631f4133-5571-45f7-94cb-88306129c587"
        }
      ]
    }
  ],
  "reactflow": {
    "viewport": {
      "x": -27,
      "y": -48,
      "zoom": 1
    },
    "nodes": [
      {
        "id": "0",
        "type": "Start",
        "position": {
          "x": 360,
          "y": 400
        },
        "data": {},
        "deletable": false,
        "measured": {
          "width": 320,
          "height": 150
        },
        "selected": false
      },
      {
        "position": {
          "x": 1274,
          "y": 731
        },
        "type": "Display",
        "id": "631f4133-5571-45f7-94cb-88306129c587",
        "data": {},
        "measured": {
          "width": 298,
          "height": 78
        },
        "selected": false,
        "dragging": false
      },
      {
        "position": {
          "x": 559,
          "y": 153
        },
        "type": "Loader",
        "id": "1743218895047",
        "data": {},
        "measured": {
          "width": 320,
          "height": 78
        },
        "selected": false,
        "dragging": false
      },
      {
        "position": {
          "x": 754,
          "y": 259
        },
        "type": "DocumentUpload",
        "id": "1743218911015",
        "data": {},
        "measured": {
          "width": 260,
          "height": 78
        },
        "selected": false,
        "dragging": false
      },
      {
        "position": {
          "x": 873,
          "y": 382
        },
        "type": "DocumentToImage",
        "id": "1743220160380",
        "data": {},
        "measured": {
          "width": 277,
          "height": 78
        },
        "selected": false,
        "dragging": false
      },
      {
        "position": {
          "x": 1014,
          "y": 493
        },
        "type": "JSFunction",
        "id": "1743220253295",
        "data": {},
        "measured": {
          "width": 260,
          "height": 78
        },
        "selected": false,
        "dragging": false
      },
      {
        "position": {
          "x": 1155,
          "y": 620
        },
        "type": "Prompt",
        "id": "1743220443110",
        "data": {},
        "measured": {
          "width": 260,
          "height": 78
        },
        "selected": false,
        "dragging": false
      }
    ],
    "edges": [
      {
        "id": "0-1743218895047",
        "type": "Start",
        "source": "0",
        "target": "1743218895047",
        "markerEnd": {
          "type": "arrowclosed",
          "width": 22,
          "height": 22
        },
        "sourceHandle": "0-source-1",
        "targetHandle": "1743218895047-target-1",
        "selected": false
      },
      {
        "type": "Transition",
        "id": "1743218895047-1743218911015",
        "source": "1743218895047",
        "target": "1743218911015",
        "markerEnd": {
          "type": "arrowclosed",
          "width": 22,
          "height": 22
        },
        "sourceHandle": "1743218895047-source-1",
        "targetHandle": "1743218911015-target-1",
        "selected": false
      },
      {
        "type": "Transition",
        "id": "1743218911015-1743220160380",
        "source": "1743218911015",
        "target": "1743220160380",
        "markerEnd": {
          "type": "arrowclosed",
          "width": 22,
          "height": 22
        },
        "sourceHandle": "1743218911015-source-1",
        "targetHandle": "1743220160380-target-1",
        "selected": false
      },
      {
        "type": "Transition",
        "id": "1743220160380-1743220253295",
        "source": "1743220160380",
        "target": "1743220253295",
        "markerEnd": {
          "type": "arrowclosed",
          "width": 22,
          "height": 22
        },
        "sourceHandle": "1743220160380-source-1",
        "targetHandle": "1743220253295-target-1",
        "selected": false
      },
      {
        "type": "Transition",
        "id": "1743220253295-1743220443110",
        "source": "1743220253295",
        "target": "1743220443110",
        "markerEnd": {
          "type": "arrowclosed",
          "width": 22,
          "height": 22
        },
        "sourceHandle": "1743220253295-source-1",
        "targetHandle": "1743220443110-target-1",
        "selected": false
      },
      {
        "type": "Transition",
        "id": "1743220443110-631f4133-5571-45f7-94cb-88306129c587",
        "source": "1743220443110",
        "target": "631f4133-5571-45f7-94cb-88306129c587",
        "markerEnd": {
          "type": "arrowclosed",
          "width": 22,
          "height": 22
        },
        "sourceHandle": "1743220443110-source-1",
        "targetHandle": "631f4133-5571-45f7-94cb-88306129c587-target-1",
        "selected": false
      }
    ]
  },
  "startTaskId": "1743218895047",
  "aiPersonaId": "488a376c-7f2a-44d1-84f6-893c3e7a9b57"
}