{
  "_id": "79fb0092-ea1c-4cac-9c7e-048c894250aa",
  "name": "Workflow for Upload income statement Copy 1743220550064 Copy 1743220559689",
  "publisherAccountId": "1b57188b-7473-4cb9-92ec-238389ea212e",
  "integrationId": "workflow-for-upload-income-statement-copy-1743220550064-copy-1743220559689",
  "status": "Active",
  "version": "latest",
  "type": "Conversational",
  "tasks": [
    {
      "_id": "631f4133-5571-45f7-94cb-88306129c587",
      "type": "Display",
      "config": {
        "description": "Display the response to the user",
        "name": "Display",
        "type": "text",
        "text": "<p>Hi there! Intent $input.intent has been matched</p><p><span class=\"text-inherit p-0 m-0 text-primary-dark bg-primary-light/80\" data-type=\"mention\" data-id=\"input.content\">$input.content</span> </p>",
        "formatVariables": [],
        "rawText": "Hi there! Intent $input.intent has been matched\n\n$input.content"
      },
      "transitions": []
    },
    {
      "_id": "1743218895047",
      "type": "Loader",
      "config": {
        "description": "Show loading messages in conversation",
        "name": "Loader",
        "text": "Let's get your documents ready."
      },
      "transitions": [
        {
          "name": "Default",
          "_id": "1743218895047-1743218911015",
          "nextTask": "1743218911015"
        }
      ]
    },
    {
      "_id": "1743218911015",
      "type": "DocumentUpload",
      "config": {
        "description": "Upload document",
        "name": "Upload Document ",
        "uploadTo": "conversation",
        "uploadMethod": "UserInput",
        "supportedFileTypes": [
          "pdf"
        ]
      },
      "transitions": [
        {
          "name": "Default",
          "_id": "1743218911015-1743220160380",
          "nextTask": "1743220160380"
        }
      ],
      "globalVariables": [
        {
          "name": "Balance_sheet_statement",
          "referencePath": "$output.documentId"
        }
      ]
    },
    {
      "_id": "1743220160380",
      "type": "DocumentToImage",
      "config": {
        "description": "Convert document to Images",
        "name": "Document To Image",
        "documentId": "$agent.Balance_sheet_statement"
      },
      "transitions": [
        {
          "name": "Default",
          "_id": "1743220160380-1743220253295",
          "nextTask": "1743220253295"
        }
      ],
      "globalVariables": []
    },
    {
      "_id": "1743220253295",
      "type": "JSFunction",
      "config": {
        "description": "Execute JavaScript code",
        "name": "JavaScript",
        "snippetId": "ff19a3d2-4fb4-4ed5-b3b5-cfa7a8157f2f"
      },
      "transitions": [
        {
          "name": "Default",
          "_id": "1743220253295-1743220443110",
          "nextTask": "1743220443110"
        }
      ]
    },
    {
      "_id": "1743220443110",
      "type": "Prompt",
      "config": {
        "description": "Prompt for LLM",
        "name": "Prompt",
        "modelId": "56feb720-adb7-464a-8e6b-fd79a510ba5b",
        "base64DocumentData": "",
        "documentIds": "$input.result",
        "responseFormat": "text",
        "query": "Upload income flow document ",
        "systemPrompt": "You are a doc parser, the user shall upload a balance sheet document and following is how you do the analysis *Balance Sheet Analysis*  \n- Total Assets: Measure financial strength.  \n- Total Liabilities: Identify existing debt.  \n- Equity (Owner’s Capital + Retained Earnings): Assess financial stability.  \n- Debt-to-Equity Ratio (D/E) = Total Liabilities / Shareholder’s Equity.  \n  - *If D/E < 2*, the startup is financially stable.  \n- Current Ratio = Current Assets / Current Liabilities.  \n  - *If > 1.5*, startup has good short-term liquidity.  \nyou give me the contents of the balance sheet, analyse it and finally give what we can infer from it ",
        "temperature": null
      },
      "transitions": [
        {
          "name": "Default",
          "_id": "1743220443110-631f4133-5571-45f7-94cb-88306129c587",
          "nextTask": "631f4133-5571-45f7-94cb-88306129c587"
        }
      ]
    }
  ],
  "reactflow": {
    "viewport": {
      "x": -199,
      "y": -76,
      "zoom": 1
    },
    "nodes": [
      {
        "id": "0",
        "type": "Start",
        "position": {
          "x": 360,
          "y": 400
        },
        "data": {},
        "deletable": false,
        "measured": {
          "width": 320,
          "height": 150
        },
        "selected": false
      },
      {
        "position": {
          "x": 1261,
          "y": 729
        },
        "type": "Display",
        "id": "631f4133-5571-45f7-94cb-88306129c587",
        "data": {},
        "measured": {
          "width": 298,
          "height": 78
        },
        "selected": false,
        "dragging": false
      },
      {
        "position": {
          "x": 559,
          "y": 153
        },
        "type": "Loader",
        "id": "1743218895047",
        "data": {},
        "measured": {
          "width": 320,
          "height": 78
        },
        "selected": false,
        "dragging": false
      },
      {
        "position": {
          "x": 754,
          "y": 260
        },
        "type": "DocumentUpload",
        "id": "1743218911015",
        "data": {},
        "measured": {
          "width": 260,
          "height": 78
        },
        "selected": false,
        "dragging": false
      },
      {
        "position": {
          "x": 879,
          "y": 389
        },
        "type": "DocumentToImage",
        "id": "1743220160380",
        "data": {},
        "measured": {
          "width": 277,
          "height": 78
        },
        "selected": false,
        "dragging": false
      },
      {
        "position": {
          "x": 1014,
          "y": 493
        },
        "type": "JSFunction",
        "id": "1743220253295",
        "data": {},
        "measured": {
          "width": 260,
          "height": 78
        },
        "selected": false,
        "dragging": false
      },
      {
        "position": {
          "x": 1156,
          "y": 620
        },
        "type": "Prompt",
        "id": "1743220443110",
        "data": {},
        "measured": {
          "width": 260,
          "height": 78
        },
        "selected": false,
        "dragging": false
      }
    ],
    "edges": [
      {
        "id": "0-1743218895047",
        "type": "Start",
        "source": "0",
        "target": "1743218895047",
        "markerEnd": {
          "type": "arrowclosed",
          "width": 22,
          "height": 22
        },
        "sourceHandle": "0-source-1",
        "targetHandle": "1743218895047-target-1",
        "selected": false
      },
      {
        "type": "Transition",
        "id": "1743218895047-1743218911015",
        "source": "1743218895047",
        "target": "1743218911015",
        "markerEnd": {
          "type": "arrowclosed",
          "width": 22,
          "height": 22
        },
        "sourceHandle": "1743218895047-source-1",
        "targetHandle": "1743218911015-target-1",
        "selected": false
      },
      {
        "type": "Transition",
        "id": "1743218911015-1743220160380",
        "source": "1743218911015",
        "target": "1743220160380",
        "markerEnd": {
          "type": "arrowclosed",
          "width": 22,
          "height": 22
        },
        "sourceHandle": "1743218911015-source-1",
        "targetHandle": "1743220160380-target-1",
        "selected": false
      },
      {
        "type": "Transition",
        "id": "1743220160380-1743220253295",
        "source": "1743220160380",
        "target": "1743220253295",
        "markerEnd": {
          "type": "arrowclosed",
          "width": 22,
          "height": 22
        },
        "sourceHandle": "1743220160380-source-1",
        "targetHandle": "1743220253295-target-1",
        "selected": false
      },
      {
        "type": "Transition",
        "id": "1743220253295-1743220443110",
        "source": "1743220253295",
        "target": "1743220443110",
        "markerEnd": {
          "type": "arrowclosed",
          "width": 22,
          "height": 22
        },
        "sourceHandle": "1743220253295-source-1",
        "targetHandle": "1743220443110-target-1",
        "selected": false
      },
      {
        "type": "Transition",
        "id": "1743220443110-631f4133-5571-45f7-94cb-88306129c587",
        "source": "1743220443110",
        "target": "631f4133-5571-45f7-94cb-88306129c587",
        "markerEnd": {
          "type": "arrowclosed",
          "width": 22,
          "height": 22
        },
        "sourceHandle": "1743220443110-source-1",
        "targetHandle": "631f4133-5571-45f7-94cb-88306129c587-target-1",
        "selected": false
      }
    ]
  },
  "startTaskId": "1743218895047",
  "aiPersonaId": "488a376c-7f2a-44d1-84f6-893c3e7a9b57"
}