{
  "_id": "4313a07a-fa9d-4c79-bf85-69ad5a4bd566",
  "inferenceEngine": {
    "modelId": "4cf651d9-edf3-455f-a22e-53cc67fcc07b"
  },
  "integrationId": "startup-financial-analyzer-1550",
  "integrations": {},
  "intentClassification": {
    "modelId": "4cf651d9-edf3-455f-a22e-53cc67fcc07b"
  },
  "name": "doc reader for bs,income and cashflow",
  "publisherAccountId": "6194bd0b-3bd7-4183-b6e6-d962e1e25c0f",
  "status": "Active",
  "useAsChatbot": true,
  "variables": {
    "secrets": [],
    "agent": [
      "income",
      "cash_flow",
      "balance_sheet"
    ]
  },
  "miniAgentIds": [
    "c684ea01-a5b4-452a-9159-5b71cff5c5ed"
  ],
  "miniAgents": [
    {
      "_id": "c684ea01-a5b4-452a-9159-5b71cff5c5ed",
      "integrationId": "document-upload-and-analysis-4394",
      "intents": [
        {
          "_id": "upload-income-statement-4394",
          "name": "Upload Income Statement",
          "description": "Allows users to upload an income statement for analysis.",
          "examples": [
            "I want to upload an income statement.",
            "How do I upload my income statement?",
            "Can you help me upload the income statement?"
          ],
          "flowType": "Workflow",
          "workflowId": "f3c9e62b-d252-4f67-bbef-ea920a9b8ad2"
        },
        {
          "_id": "upload-cash-flow-statement-4394",
          "name": "Upload Cash Flow Statement",
          "description": "Facilitates the uploading of a cash flow statement for analysis.",
          "examples": [
            "I need to upload a cash flow statement.",
            "Where can I upload my cash flow statement?",
            "Help me upload the cash flow statement."
          ],
          "flowType": "Workflow",
          "workflowId": "ea33becf-0920-4719-a6ae-36ea8e73bf07"
        },
        {
          "_id": "upload-balance-sheet-4394",
          "name": "Upload Balance Sheet",
          "description": "Enables users to upload a balance sheet for analysis.",
          "examples": [
            "I want to upload a balance sheet.",
            "Can you assist me in uploading the balance sheet?",
            "How do I upload my balance sheet?"
          ],
          "flowType": "Workflow",
          "workflowId": "217ecc2f-3f8e-4976-b47d-d49cc76b8844"
        },
        {
          "_id": "analyze-financial-health-4394",
          "name": "Analyze Financial Health",
          "description": "Analyzes the uploaded financial documents to determine the financial health of a startup.",
          "examples": [
            "Analyze the financial health of my startup.",
            "Is my startup doing well financially?",
            "Can you provide an analysis based on the uploaded documents?"
          ],
          "flowType": "Workflow",
          "workflowId": "7239ae63-aa29-4b54-bae7-35f43daa4839"
        }
      ],
      "name": "Document Upload and Analysis",
      "scope": "Handles the uploading of financial documents such as income statements, cash flow statements, and balance sheets. It also performs analysis on these documents to assess the financial health of a startup.",
      "miniAgentId": "c684ea01-a5b4-452a-9159-5b71cff5c5ed"
    }
  ],
  "rags": [],
  "intentWorkflows": [
    {
      "_id": "217ecc2f-3f8e-4976-b47d-d49cc76b8844",
      "name": "Workflow for Upload balance sheet \"clone\"",
      "integrationId": "workflow-for-upload-income-statement-copy-1743175423799"
    },
    {
      "_id": "7239ae63-aa29-4b54-bae7-35f43daa4839",
      "integrationId": "analyze-financial-health-4972",
      "name": "Workflow for Analyze Financial Health"
    },
    {
      "_id": "ea33becf-0920-4719-a6ae-36ea8e73bf07",
      "name": "Workflow for Upload cash flow Statement \"clone\"",
      "integrationId": "workflow-for-upload-income-statement-copy-1743161778220"
    },
    {
      "_id": "f3c9e62b-d252-4f67-bbef-ea920a9b8ad2",
      "integrationId": "upload-income-statement-4972",
      "name": "Workflow for Upload Income Statement"
    }
  ]
}