{
  "_id": "8ebe5d0a-738b-4648-805d-9715210bcf3e",
  "aiPersonaId": "488a376c-7f2a-44d1-84f6-893c3e7a9b57",
  "integrationId": "cash-flow-and-investment-management-4222",
  "name": "Workflow for Cash Flow and Investment Management",
  "publisherAccountId": "1b57188b-7473-4cb9-92ec-238389ea212e",
  "startTaskId": "1743162694469",
  "status": "Active",
  "tasks": [
    {
      "_id": "33662a5e-2852-43e8-922b-ffda3c8432f3",
      "type": "Display",
      "config": {
        "description": "Display the response to the user",
        "name": "Display",
        "type": "text",
        "text": "<p><span class=\"text-inherit p-0 m-0 text-primary-dark bg-primary-light/80\" data-type=\"mention\" data-id=\"input.content\">$input.content</span> </p>",
        "formatVariables": [],
        "rawText": "$input.content"
      },
      "transitions": []
    },
    {
      "_id": "1743162694469",
      "type": "Loader",
      "config": {
        "name": "Loader",
        "description": "Show loading messages in conversation",
        "text": "Let's get your documents ready"
      },
      "transitions": [
        {
          "name": "Default",
          "_id": "1743162694469-1743162713725",
          "nextTask": "1743162713725"
        }
      ]
    },
    {
      "_id": "1743162698421",
      "type": "Prompt",
      "config": {
        "name": "Prompt",
        "description": "Prompt for LLM",
        "modelId": "56feb720-adb7-464a-8e6b-fd79a510ba5b",
        "systemPrompt": "You are a professional Cash Flow & Investment Management Advisor Agent designed for fintech startups and small businesses.\n\nYour task is to analyze the provided Cash Flow Statement and give clear, actionable financial insights to help business owners manage their cash flow and identify safe investment opportunities.\n\nOutput Format (JSON Keys):\n\ncash_flow_summary\n\nrisk_warnings\n\ninvestment_opportunities\n\nrecommended_actions",
        "base64DocumentData": "",
        "documentIds": "$input.result",
        "responseFormat": "text",
        "query": "Analyze the following Cash Flow Statement and provide a detailed cash flow analysis, risk assessment, investment opportunities, and recommended actions. Focus only on cash flow & investment insights.",
        "temperature": null
      },
      "transitions": [
        {
          "name": "Default",
          "_id": "1743162698421-33662a5e-2852-43e8-922b-ffda3c8432f3",
          "nextTask": "33662a5e-2852-43e8-922b-ffda3c8432f3"
        }
      ]
    },
    {
      "_id": "1743162700125",
      "type": "JSFunction",
      "config": {
        "name": "JavaScript",
        "description": "Execute JavaScript code",
        "snippetId": "18e94c4e-9311-4532-a7be-bfa0b773f0a6"
      },
      "transitions": [
        {
          "name": "Default",
          "_id": "1743162700125-1743162698421",
          "nextTask": "1743162698421"
        }
      ]
    },
    {
      "_id": "1743162705075",
      "type": "DocumentToImage",
      "config": {
        "name": "Document To Image",
        "description": "Convert document to Images",
        "documentId": "$agent.Cash_Flow"
      },
      "transitions": [
        {
          "name": "Default",
          "_id": "1743162705075-1743162700125",
          "nextTask": "1743162700125"
        }
      ]
    },
    {
      "_id": "1743162713725",
      "type": "DocumentUpload",
      "config": {
        "name": "Upload Document ",
        "description": "Upload document",
        "uploadTo": "conversation",
        "uploadMethod": "UserInput",
        "supportedFileTypes": [
          "pdf",
          "xlsx",
          "csv",
          "docx"
        ],
        "displayMessage": "Please upload your Cash Flow statement"
      },
      "transitions": [
        {
          "name": "Default",
          "_id": "1743162713725-1743162705075",
          "nextTask": "1743162705075"
        }
      ],
      "globalVariables": [
        {
          "name": "Cash_Flow",
          "referencePath": "$output.documentId"
        }
      ]
    }
  ],
  "type": "Conversational",
  "version": "latest",
  "reactflow": {
    "viewport": {
      "x": -7,
      "y": 3,
      "zoom": 1
    },
    "nodes": [
      {
        "id": "0",
        "type": "Start",
        "position": {
          "x": 360,
          "y": 400
        },
        "data": {},
        "deletable": false,
        "measured": {
          "width": 320,
          "height": 150
        },
        "selected": false
      },
      {
        "position": {
          "x": 1176,
          "y": 447
        },
        "type": "Display",
        "id": "33662a5e-2852-43e8-922b-ffda3c8432f3",
        "data": {},
        "measured": {
          "width": 298,
          "height": 78
        },
        "selected": false,
        "dragging": false
      },
      {
        "id": "1743162694469",
        "type": "Loader",
        "position": {
          "x": 515,
          "y": 242
        },
        "data": {},
        "measured": {
          "width": 320,
          "height": 78
        },
        "selected": false,
        "dragging": false
      },
      {
        "id": "1743162698421",
        "type": "Prompt",
        "position": {
          "x": 752,
          "y": 442
        },
        "data": {},
        "measured": {
          "width": 260,
          "height": 78
        },
        "selected": false,
        "dragging": false
      },
      {
        "id": "1743162700125",
        "type": "JSFunction",
        "position": {
          "x": 1240,
          "y": 252
        },
        "data": {},
        "measured": {
          "width": 260,
          "height": 78
        },
        "selected": false,
        "dragging": false
      },
      {
        "id": "1743162705075",
        "type": "DocumentToImage",
        "position": {
          "x": 920,
          "y": 290
        },
        "data": {},
        "measured": {
          "width": 277,
          "height": 78
        },
        "selected": false,
        "dragging": false
      },
      {
        "id": "1743162713725",
        "type": "DocumentUpload",
        "position": {
          "x": 874,
          "y": 146
        },
        "data": {},
        "measured": {
          "width": 260,
          "height": 78
        },
        "selected": false,
        "dragging": false
      }
    ],
    "edges": [
      {
        "type": "Start",
        "markerEnd": {
          "type": "arrowclosed",
          "width": 22,
          "height": 22
        },
        "source": "0",
        "target": "1743162694469",
        "sourceHandle": "0-source-1",
        "selected": false,
        "id": "xy-edge__00-source-1-17431626944691743162694469-target-1",
        "targetHandle": "1743162694469-target-1"
      },
      {
        "id": "1743162694469-1743162713725",
        "source": "1743162694469",
        "target": "1743162713725",
        "type": "Transition",
        "markerEnd": {
          "type": "arrowclosed",
          "width": 22,
          "height": 22
        },
        "sourceHandle": "1743162694469-source-1",
        "targetHandle": "1743162713725-target-1",
        "selected": false
      },
      {
        "id": "1743162713725-1743162705075",
        "source": "1743162713725",
        "target": "1743162705075",
        "type": "Transition",
        "markerEnd": {
          "type": "arrowclosed",
          "width": 22,
          "height": 22
        },
        "sourceHandle": "1743162713725-source-1",
        "targetHandle": "1743162705075-target-1",
        "selected": false
      },
      {
        "id": "1743162705075-1743162700125",
        "source": "1743162705075",
        "target": "1743162700125",
        "type": "Transition",
        "markerEnd": {
          "type": "arrowclosed",
          "width": 22,
          "height": 22
        },
        "sourceHandle": "1743162705075-source-1",
        "targetHandle": "1743162700125-target-1",
        "selected": false
      },
      {
        "id": "1743162700125-1743162698421",
        "source": "1743162700125",
        "target": "1743162698421",
        "type": "Transition",
        "markerEnd": {
          "type": "arrowclosed",
          "width": 22,
          "height": 22
        },
        "sourceHandle": "1743162700125-source-1",
        "targetHandle": "1743162698421-target-2",
        "selected": false
      },
      {
        "id": "1743162698421-33662a5e-2852-43e8-922b-ffda3c8432f3",
        "source": "1743162698421",
        "target": "33662a5e-2852-43e8-922b-ffda3c8432f3",
        "type": "Transition",
        "markerEnd": {
          "type": "arrowclosed",
          "width": 22,
          "height": 22
        },
        "sourceHandle": "1743162698421-source-1",
        "targetHandle": "33662a5e-2852-43e8-922b-ffda3c8432f3-target-1",
        "selected": false
      }
    ]
  }
}