{
  "_id": "ef1c738b-be23-4c86-878c-d80ac2501050",
  "aiPersonaId": "488a376c-7f2a-44d1-84f6-893c3e7a9b57",
  "integrationId": "credit-score-and-risk-analysis-4222",
  "name": "Workflow for Credit Score and Risk Analysis",
  "publisherAccountId": "1b57188b-7473-4cb9-92ec-238389ea212e",
  "startTaskId": "6052e021-f5f9-496d-bc6d-4e1b148354ee",
  "status": "Active",
  "tasks": [
    {
      "_id": "6052e021-f5f9-496d-bc6d-4e1b148354ee",
      "transitions": [],
      "type": "Display",
      "config": {
        "name": "Display",
        "description": "Display the response to the user",
        "type": "text",
        "text": "Hi there! Intent $input.intent has been matched"
      }
    }
  ],
  "type": "Conversational",
  "version": "latest"
}