{
  "_id": "eb7441b4-6acd-40af-b0ae-1f68039db752",
  "aiPersonaId": "488a376c-7f2a-44d1-84f6-893c3e7a9b57",
  "integrationId": "growth-strategies-4222",
  "name": "Workflow for Growth Strategies",
  "publisherAccountId": "1b57188b-7473-4cb9-92ec-238389ea212e",
  "startTaskId": "077a9d5b-4d9a-434f-aa43-85c21b933200",
  "status": "Active",
  "tasks": [
    {
      "_id": "077a9d5b-4d9a-434f-aa43-85c21b933200",
      "transitions": [],
      "type": "Display",
      "config": {
        "name": "Display",
        "description": "Display the response to the user",
        "type": "text",
        "text": "Hi there! Intent $input.intent has been matched"
      }
    }
  ],
  "type": "Conversational",
  "version": "latest"
}