{
  "_id": "100297bf-7153-4f39-a126-3880780c5fae",
  "aiPersonaId": "488a376c-7f2a-44d1-84f6-893c3e7a9b57",
  "integrationId": "industry-news-updates-9044",
  "name": "Workflow for Industry News Updates",
  "publisherAccountId": "1b57188b-7473-4cb9-92ec-238389ea212e",
  "startTaskId": "1743176179552",
  "status": "Active",
  "tasks": [
    {
      "_id": "6195f541-9aa7-4d7b-8dc4-057c4f6f3c69",
      "type": "Display",
      "config": {
        "description": "Display the response to the user",
        "name": "Display",
        "type": "text",
        "text": "<p><span class=\"text-inherit p-0 m-0 text-primary-dark bg-primary-light/80\" data-type=\"mention\" data-id=\"input.data\">$input.data</span> </p>",
        "formatVariables": [],
        "rawText": "$input.data"
      },
      "transitions": []
    },
    {
      "_id": "1743176179552",
      "type": "WebCrawler",
      "config": {
        "description": "Crawl web pages",
        "name": "Web Crawler",
        "url": "https://www.moneycontrol.com/news/business/startup/",
        "instructions": "Extract the following fields for each news article:\n\nheadline → The title of the startup news article.\n\nsummary → The brief description or intro paragraph (if available).\n\nadd new line after every news piece\n\nLimit to the latest 10 articles to avoid unnecessary data.\n\nExclude advertisements, unrelated news, or sponsored content."
      },
      "transitions": [
        {
          "name": "Default",
          "_id": "xy-edge__17431761795521743176179552-source-1-17431798818311743179881831-target-1",
          "nextTask": "1743179881831"
        }
      ]
    },
    {
      "_id": "1743179881831",
      "type": "DatabaseWrite",
      "config": {
        "description": "Write data in table",
        "name": "Table Write",
        "collectionConfigId": "6faabc73-f682-4589-a9a4-d37821955c60",
        "operation": "insertMany",
        "data": "$input.extractedContent"
      },
      "transitions": [
        {
          "name": "Default",
          "_id": "xy-edge__17431798818311743179881831-source-1-17431800457271743180045727-target-2",
          "nextTask": "1743180045727"
        }
      ]
    },
    {
      "_id": "1743180045727",
      "type": "CollectionRead",
      "config": {
        "description": "Read data from table",
        "name": "Table Read",
        "collectionConfigId": "6faabc73-f682-4589-a9a4-d37821955c60",
        "filters": "",
        "projections": ""
      },
      "transitions": [
        {
          "name": "Default",
          "_id": "1743180045727-6195f541-9aa7-4d7b-8dc4-057c4f6f3c69",
          "nextTask": "6195f541-9aa7-4d7b-8dc4-057c4f6f3c69"
        }
      ]
    }
  ],
  "type": "Conversational",
  "version": "latest",
  "reactflow": {
    "viewport": {
      "x": -232,
      "y": 83,
      "zoom": 1
    },
    "nodes": [
      {
        "id": "0",
        "type": "Start",
        "position": {
          "x": 530,
          "y": 359
        },
        "data": {},
        "deletable": false,
        "measured": {
          "width": 301,
          "height": 136
        },
        "selected": false
      },
      {
        "position": {
          "x": 1134,
          "y": 396
        },
        "type": "Display",
        "id": "6195f541-9aa7-4d7b-8dc4-057c4f6f3c69",
        "data": {},
        "measured": {
          "width": 298,
          "height": 78
        },
        "selected": false,
        "dragging": false
      },
      {
        "position": {
          "x": 759,
          "y": 232
        },
        "type": "WebCrawler",
        "id": "1743176179552",
        "data": {},
        "measured": {
          "width": 260,
          "height": 78
        },
        "selected": false,
        "dragging": false
      },
      {
        "position": {
          "x": 1088,
          "y": 23
        },
        "type": "DatabaseWrite",
        "id": "1743179881831",
        "data": {},
        "measured": {
          "width": 260,
          "height": 78
        },
        "selected": false,
        "dragging": false
      },
      {
        "position": {
          "x": 1165,
          "y": 197
        },
        "type": "CollectionRead",
        "id": "1743180045727",
        "data": {},
        "measured": {
          "width": 260,
          "height": 78
        },
        "selected": false,
        "dragging": false
      }
    ],
    "edges": [
      {
        "id": "xy-edge__00-source-1-17431761795521743176179552-target-1",
        "type": "Start",
        "source": "0",
        "target": "1743176179552",
        "markerEnd": {
          "type": "arrowclosed",
          "width": 22,
          "height": 22
        },
        "sourceHandle": "0-source-1",
        "selected": false,
        "targetHandle": "1743176179552-target-1"
      },
      {
        "type": "Transition",
        "markerEnd": {
          "type": "arrowclosed",
          "width": 22,
          "height": 22
        },
        "source": "1743176179552",
        "target": "1743179881831",
        "sourceHandle": "1743176179552-source-1",
        "targetHandle": "1743179881831-target-1",
        "selected": false,
        "id": "xy-edge__17431761795521743176179552-source-1-17431798818311743179881831-target-1"
      },
      {
        "type": "Transition",
        "markerEnd": {
          "type": "arrowclosed",
          "width": 22,
          "height": 22
        },
        "source": "1743179881831",
        "target": "1743180045727",
        "sourceHandle": "1743179881831-source-1",
        "targetHandle": "1743180045727-target-2",
        "selected": false,
        "id": "xy-edge__17431798818311743179881831-source-1-17431800457271743180045727-target-2"
      },
      {
        "id": "1743180045727-6195f541-9aa7-4d7b-8dc4-057c4f6f3c69",
        "source": "1743180045727",
        "target": "6195f541-9aa7-4d7b-8dc4-057c4f6f3c69",
        "type": "Transition",
        "markerEnd": {
          "type": "arrowclosed",
          "width": 22,
          "height": 22
        },
        "sourceHandle": "1743180045727-source-1",
        "targetHandle": "6195f541-9aa7-4d7b-8dc4-057c4f6f3c69-target-2",
        "selected": false
      }
    ]
  }
}