{
  "_id": "5ebd64a7-f8ef-40cc-a4b6-f34a778d587c",
  "aiPersonaId": "488a376c-7f2a-44d1-84f6-893c3e7a9b57",
  "integrationId": "ma-comparative-analysis-for-investors-1254-primary-workflow-for-comparative-analysis-for-investors",
  "isMiniAgentPrimaryWorkflow": true,
  "name": "Primary Workflow for Comparative Analysis for Investors",
  "publisherAccountId": "1b57188b-7473-4cb9-92ec-238389ea212e",
  "startTaskId": "903a0b13-6762-4291-a9b8-cf5cc40a5bd9",
  "status": "Active",
  "tasks": [
    {
      "_id": "903a0b13-6762-4291-a9b8-cf5cc40a5bd9",
      "type": "PassThrough",
      "config": {
        "name": "Pass Through",
        "description": "Pass through the input to the output"
      },
      "transitions": [
        {
          "_id": "3174ac36-b871-45e4-801b-b71f8d2214ee-903a0b13-6762-4291-a9b8-cf5cc40a5bd9",
          "nextTask": "3174ac36-b871-45e4-801b-b71f8d2214ee",
          "name": "If query doesnt exists",
          "rules": [
            {
              "type": "any",
              "operator": "notExists",
              "path": "$output.query"
            }
          ]
        },
        {
          "_id": "250a5519-ace4-4220-822a-0fe9f2efa6c6-903a0b13-6762-4291-a9b8-cf5cc40a5bd9",
          "nextTask": "250a5519-ace4-4220-822a-0fe9f2efa6c6",
          "name": "If intents are already classified",
          "rules": [
            {
              "type": "any",
              "operator": "exists",
              "path": "$output.intents"
            },
            {
              "type": "any",
              "operator": "exists",
              "path": "$output.query"
            }
          ]
        },
        {
          "_id": "903a0b13-6762-4291-a9b8-cf5cc40a5bd9-339c54f9-406b-4733-95d5-de5ebe6f4459",
          "name": "If query exists",
          "nextTask": "339c54f9-406b-4733-95d5-de5ebe6f4459",
          "rules": [
            {
              "type": "any",
              "operator": "exists",
              "path": "$output.query"
            },
            {
              "type": "any",
              "operator": "notExists",
              "path": "$output.intents"
            }
          ]
        }
      ],
      "globalVariables": [
        {
          "name": "query",
          "referencePath": "$input.query"
        },
        {
          "name": "rawQuery",
          "referencePath": "$input.rawQuery"
        },
        {
          "name": "conversationId",
          "referencePath": "$input.conversationId"
        }
      ]
    },
    {
      "_id": "3174ac36-b871-45e4-801b-b71f8d2214ee",
      "type": "Input",
      "config": {
        "name": "User Input",
        "description": "Get user input",
        "type": "string"
      },
      "transitions": [
        {
          "_id": "3174ac36-b871-45e4-801b-b71f8d2214ee-339c54f9-406b-4733-95d5-de5ebe6f4459",
          "name": "Default",
          "nextTask": "339c54f9-406b-4733-95d5-de5ebe6f4459"
        }
      ],
      "globalVariables": [
        {
          "name": "query",
          "referencePath": "$output.userInput"
        },
        {
          "name": "rawQuery",
          "referencePath": "$output.userInput"
        },
        {
          "name": "selfLoopMiniAgent",
          "referencePath": "true"
        }
      ]
    },
    {
      "_id": "339c54f9-406b-4733-95d5-de5ebe6f4459",
      "type": "Loader",
      "config": {
        "name": "Loader",
        "description": "Display loader message",
        "type": "loader",
        "text": "Just a moment... identifying the best approach to assist you."
      },
      "transitions": [
        {
          "_id": "339c54f9-406b-4733-95d5-de5ebe6f4459-d4af4d0e-6ff2-427d-b96d-d9e582a93118",
          "name": "Default",
          "nextTask": "d4af4d0e-6ff2-427d-b96d-d9e582a93118"
        }
      ]
    },
    {
      "_id": "d4af4d0e-6ff2-427d-b96d-d9e582a93118",
      "type": "IntentClassification",
      "config": {
        "name": "Intent Classification",
        "description": "Classify the intent of the user message",
        "modelId": "4cf651d9-edf3-455f-a22e-53cc67fcc07b",
        "intents": [
          {
            "name": "Startup Comparative Analysis",
            "description": "Analyzes and compares different startups based on key financial metrics to aid investors in decision-making.",
            "examples": [
              "How do different startups compare in terms of revenue?",
              "Can you provide a comparative analysis of startups based on EBITDA?",
              "What are the operating profits of startups in our portfolio?"
            ]
          }
        ],
        "query": "$agent.query"
      },
      "transitions": [
        {
          "_id": "d4af4d0e-6ff2-427d-b96d-d9e582a93118-250a5519-ace4-4220-822a-0fe9f2efa6c6",
          "name": "If Intent is Matched",
          "rules": [
            {
              "type": "string",
              "operator": "equal",
              "path": "$output.intentMatched",
              "value": "true"
            }
          ],
          "nextTask": "250a5519-ace4-4220-822a-0fe9f2efa6c6"
        },
        {
          "_id": "d4af4d0e-6ff2-427d-b96d-d9e582a93118-f62b5f64-003c-4507-ba46-abbe4fd65179",
          "name": "If No Intent is Matched",
          "rules": [
            {
              "type": "string",
              "operator": "equal",
              "path": "$output.intentMatched",
              "value": "false"
            }
          ],
          "nextTask": "f62b5f64-003c-4507-ba46-abbe4fd65179"
        }
      ]
    },
    {
      "_id": "250a5519-ace4-4220-822a-0fe9f2efa6c6",
      "type": "JSFunction",
      "config": {
        "name": "JS Function",
        "description": "Execute JS function",
        "code": "\nconst main = () => {\n    const currentExecutionId = _id;\n    const intents = agent?.icIntents?.[currentExecutionId] || input.intents;\n    const currentIndex = agent?.icLoopIndexes?.[currentExecutionId] || 0;\n    const currentIntent = intents[currentIndex] || {};\n    const { intent, task } = currentIntent;\n    const state = currentIndex === intents.length ? 'end' : 'continue'\n    const icLoopIndexes = { ...(agent?.icLoopIndexes || {}), [_id]: state === 'end' ? undefined : currentIndex + 1 };\n    const icIntents = { ...(agent?.icIntents || {}), [_id]: state === 'end' ? undefined : intents };\n    return { ...input, intent, state: currentIndex === intents.length ? 'end' : 'continue', icLoopIndexes, icIntents, query: task };\n};\n\nmain()\n"
      },
      "globalVariables": [
        {
          "referencePath": "$output.icLoopIndexes",
          "name": "icLoopIndexes"
        },
        {
          "referencePath": "$output.icIntents",
          "name": "icIntents"
        }
      ],
      "transitions": [
        {
          "_id": "250a5519-ace4-4220-822a-0fe9f2efa6c6-70a62599-67fc-4811-b5c8-8ac474910cb2",
          "name": "If Intent is Matched",
          "rules": [
            {
              "type": "string",
              "operator": "equal",
              "path": "$output.intent",
              "value": "Startup Comparative Analysis"
            }
          ],
          "nextTask": "70a62599-67fc-4811-b5c8-8ac474910cb2"
        },
        {
          "_id": "250a5519-ace4-4220-822a-0fe9f2efa6c6-3174ac36-b871-45e4-801b-b71f8d2214ee",
          "name": "If Self Loop",
          "rules": [
            {
              "type": "string",
              "operator": "equal",
              "path": "$agent.selfLoopMiniAgent",
              "value": "true"
            },
            {
              "type": "string",
              "operator": "equal",
              "path": "$output.state",
              "value": "end"
            }
          ],
          "nextTask": "3174ac36-b871-45e4-801b-b71f8d2214ee"
        }
      ]
    },
    {
      "_id": "70a62599-67fc-4811-b5c8-8ac474910cb2",
      "type": "Workflow",
      "config": {
        "name": "Intent - Startup Comparative Analysis",
        "description": "Workflow for intent - Startup Comparative Analysis",
        "workflowId": "e1deb4c4-9ba0-47f0-9ae3-1f311a6bfbc1"
      },
      "transitions": [
        {
          "_id": "70a62599-67fc-4811-b5c8-8ac474910cb2-250a5519-ace4-4220-822a-0fe9f2efa6c6",
          "name": "Mini agent execution completed",
          "nextTask": "250a5519-ace4-4220-822a-0fe9f2efa6c6"
        }
      ]
    },
    {
      "_id": "f62b5f64-003c-4507-ba46-abbe4fd65179",
      "transitions": [
        {
          "_id": "f62b5f64-003c-4507-ba46-abbe4fd65179-3174ac36-b871-45e4-801b-b71f8d2214ee",
          "name": "If Self Loop",
          "rules": [
            {
              "type": "string",
              "operator": "equal",
              "path": "$agent.selfLoopMiniAgent",
              "value": "true"
            }
          ],
          "nextTask": "3174ac36-b871-45e4-801b-b71f8d2214ee"
        }
      ],
      "type": "Output",
      "config": {
        "name": "Output",
        "description": "Output the response to the user",
        "type": "external",
        "text": "Unable to complete task $agent.query"
      }
    },
    {
      "_id": "2c3df393-8647-4da0-ac7e-b41b61f95075",
      "transitions": [
        {
          "_id": "2c3df393-8647-4da0-ac7e-b41b61f95075-3174ac36-b871-45e4-801b-b71f8d2214ee",
          "name": "If Self Loop",
          "rules": [
            {
              "type": "string",
              "operator": "equal",
              "path": "$agent.selfLoopMiniAgent",
              "value": "true"
            }
          ],
          "nextTask": "3174ac36-b871-45e4-801b-b71f8d2214ee"
        }
      ],
      "type": "Display",
      "config": {
        "name": "Display",
        "description": "Display the response to the user",
        "type": "text",
        "text": "$input.content"
      }
    }
  ],
  "type": "Conversational",
  "version": "latest"
}