{
  "_id": "ecf368c1-b5d6-4724-9f04-45830a1b6e5a",
  "aiPersonaId": "488a376c-7f2a-44d1-84f6-893c3e7a9b57",
  "integrationId": "ma-investor-matching-6457-primary-workflow-for-investor-matching",
  "isMiniAgentPrimaryWorkflow": true,
  "name": "Primary Workflow for Investor Matching",
  "publisherAccountId": "1b57188b-7473-4cb9-92ec-238389ea212e",
  "startTaskId": "8c8c29e0-4621-4300-a8e2-5f9ab83ff649",
  "status": "Active",
  "tasks": [
    {
      "_id": "8c8c29e0-4621-4300-a8e2-5f9ab83ff649",
      "type": "PassThrough",
      "config": {
        "name": "Pass Through",
        "description": "Pass through the input to the output"
      },
      "transitions": [
        {
          "_id": "d0960f46-1e4d-481b-9354-deed9049b45d-8c8c29e0-4621-4300-a8e2-5f9ab83ff649",
          "nextTask": "d0960f46-1e4d-481b-9354-deed9049b45d",
          "name": "If query doesnt exists",
          "rules": [
            {
              "type": "any",
              "operator": "notExists",
              "path": "$output.query"
            }
          ]
        },
        {
          "_id": "6ad260d0-6a71-4025-b3f2-ee7c351fbfa0-8c8c29e0-4621-4300-a8e2-5f9ab83ff649",
          "nextTask": "6ad260d0-6a71-4025-b3f2-ee7c351fbfa0",
          "name": "If intents are already classified",
          "rules": [
            {
              "type": "any",
              "operator": "exists",
              "path": "$output.intents"
            },
            {
              "type": "any",
              "operator": "exists",
              "path": "$output.query"
            }
          ]
        },
        {
          "_id": "8c8c29e0-4621-4300-a8e2-5f9ab83ff649-f0aecff6-a1b9-495e-bb13-7ca5809aba43",
          "name": "If query exists",
          "nextTask": "f0aecff6-a1b9-495e-bb13-7ca5809aba43",
          "rules": [
            {
              "type": "any",
              "operator": "exists",
              "path": "$output.query"
            },
            {
              "type": "any",
              "operator": "notExists",
              "path": "$output.intents"
            }
          ]
        }
      ],
      "globalVariables": [
        {
          "name": "query",
          "referencePath": "$input.query"
        },
        {
          "name": "rawQuery",
          "referencePath": "$input.rawQuery"
        },
        {
          "name": "conversationId",
          "referencePath": "$input.conversationId"
        }
      ]
    },
    {
      "_id": "d0960f46-1e4d-481b-9354-deed9049b45d",
      "type": "Input",
      "config": {
        "name": "User Input",
        "description": "Get user input",
        "type": "string"
      },
      "transitions": [
        {
          "_id": "d0960f46-1e4d-481b-9354-deed9049b45d-f0aecff6-a1b9-495e-bb13-7ca5809aba43",
          "name": "Default",
          "nextTask": "f0aecff6-a1b9-495e-bb13-7ca5809aba43"
        }
      ],
      "globalVariables": [
        {
          "name": "query",
          "referencePath": "$output.userInput"
        },
        {
          "name": "rawQuery",
          "referencePath": "$output.userInput"
        },
        {
          "name": "selfLoopMiniAgent",
          "referencePath": "true"
        }
      ]
    },
    {
      "_id": "f0aecff6-a1b9-495e-bb13-7ca5809aba43",
      "type": "Loader",
      "config": {
        "name": "Loader",
        "description": "Display loader message",
        "type": "loader",
        "text": "Just a moment... identifying the best approach to assist you."
      },
      "transitions": [
        {
          "_id": "f0aecff6-a1b9-495e-bb13-7ca5809aba43-0f094029-d298-45c4-abe5-65568c9c1427",
          "name": "Default",
          "nextTask": "0f094029-d298-45c4-abe5-65568c9c1427"
        }
      ]
    },
    {
      "_id": "0f094029-d298-45c4-abe5-65568c9c1427",
      "type": "IntentClassification",
      "config": {
        "name": "Intent Classification",
        "description": "Classify the intent of the user message",
        "modelId": "4cf651d9-edf3-455f-a22e-53cc67fcc07b",
        "intents": [
          {
            "name": "Investor Recommendations",
            "description": "Suggests potential investors who are genuinely interested in startups, based on their investment history and habits.",
            "examples": [
              "Who are the potential investors for our startup?",
              "Can you match us with investors interested in our industry?",
              "What investors have a history of investing in startups like ours?"
            ]
          }
        ],
        "query": "$agent.query"
      },
      "transitions": [
        {
          "_id": "0f094029-d298-45c4-abe5-65568c9c1427-6ad260d0-6a71-4025-b3f2-ee7c351fbfa0",
          "name": "If Intent is Matched",
          "rules": [
            {
              "type": "string",
              "operator": "equal",
              "path": "$output.intentMatched",
              "value": "true"
            }
          ],
          "nextTask": "6ad260d0-6a71-4025-b3f2-ee7c351fbfa0"
        },
        {
          "_id": "0f094029-d298-45c4-abe5-65568c9c1427-137a0006-3e7c-4c78-b477-3b7bf2293854",
          "name": "If No Intent is Matched",
          "rules": [
            {
              "type": "string",
              "operator": "equal",
              "path": "$output.intentMatched",
              "value": "false"
            }
          ],
          "nextTask": "137a0006-3e7c-4c78-b477-3b7bf2293854"
        }
      ]
    },
    {
      "_id": "6ad260d0-6a71-4025-b3f2-ee7c351fbfa0",
      "type": "JSFunction",
      "config": {
        "name": "JS Function",
        "description": "Execute JS function",
        "code": "\nconst main = () => {\n    const currentExecutionId = _id;\n    const intents = agent?.icIntents?.[currentExecutionId] || input.intents;\n    const currentIndex = agent?.icLoopIndexes?.[currentExecutionId] || 0;\n    const currentIntent = intents[currentIndex] || {};\n    const { intent, task } = currentIntent;\n    const state = currentIndex === intents.length ? 'end' : 'continue'\n    const icLoopIndexes = { ...(agent?.icLoopIndexes || {}), [_id]: state === 'end' ? undefined : currentIndex + 1 };\n    const icIntents = { ...(agent?.icIntents || {}), [_id]: state === 'end' ? undefined : intents };\n    return { ...input, intent, state: currentIndex === intents.length ? 'end' : 'continue', icLoopIndexes, icIntents, query: task };\n};\n\nmain()\n"
      },
      "globalVariables": [
        {
          "referencePath": "$output.icLoopIndexes",
          "name": "icLoopIndexes"
        },
        {
          "referencePath": "$output.icIntents",
          "name": "icIntents"
        }
      ],
      "transitions": [
        {
          "_id": "6ad260d0-6a71-4025-b3f2-ee7c351fbfa0-f85b092c-4344-41bd-bb1a-c49f059ecb67",
          "name": "If Intent is Matched",
          "rules": [
            {
              "type": "string",
              "operator": "equal",
              "path": "$output.intent",
              "value": "Investor Recommendations"
            }
          ],
          "nextTask": "f85b092c-4344-41bd-bb1a-c49f059ecb67"
        },
        {
          "_id": "6ad260d0-6a71-4025-b3f2-ee7c351fbfa0-d0960f46-1e4d-481b-9354-deed9049b45d",
          "name": "If Self Loop",
          "rules": [
            {
              "type": "string",
              "operator": "equal",
              "path": "$agent.selfLoopMiniAgent",
              "value": "true"
            },
            {
              "type": "string",
              "operator": "equal",
              "path": "$output.state",
              "value": "end"
            }
          ],
          "nextTask": "d0960f46-1e4d-481b-9354-deed9049b45d"
        }
      ]
    },
    {
      "_id": "f85b092c-4344-41bd-bb1a-c49f059ecb67",
      "type": "Workflow",
      "config": {
        "name": "Intent - Investor Recommendations",
        "description": "Workflow for intent - Investor Recommendations",
        "workflowId": "de27d2f0-21c9-4147-80b0-97506394ee4c"
      },
      "transitions": [
        {
          "_id": "f85b092c-4344-41bd-bb1a-c49f059ecb67-6ad260d0-6a71-4025-b3f2-ee7c351fbfa0",
          "name": "Mini agent execution completed",
          "nextTask": "6ad260d0-6a71-4025-b3f2-ee7c351fbfa0"
        }
      ]
    },
    {
      "_id": "137a0006-3e7c-4c78-b477-3b7bf2293854",
      "transitions": [
        {
          "_id": "137a0006-3e7c-4c78-b477-3b7bf2293854-d0960f46-1e4d-481b-9354-deed9049b45d",
          "name": "If Self Loop",
          "rules": [
            {
              "type": "string",
              "operator": "equal",
              "path": "$agent.selfLoopMiniAgent",
              "value": "true"
            }
          ],
          "nextTask": "d0960f46-1e4d-481b-9354-deed9049b45d"
        }
      ],
      "type": "Output",
      "config": {
        "name": "Output",
        "description": "Output the response to the user",
        "type": "external",
        "text": "Unable to complete task $agent.query"
      }
    },
    {
      "_id": "cd48f71d-9ee7-4d29-8f9d-cc7c3b5cbc70",
      "transitions": [
        {
          "_id": "cd48f71d-9ee7-4d29-8f9d-cc7c3b5cbc70-d0960f46-1e4d-481b-9354-deed9049b45d",
          "name": "If Self Loop",
          "rules": [
            {
              "type": "string",
              "operator": "equal",
              "path": "$agent.selfLoopMiniAgent",
              "value": "true"
            }
          ],
          "nextTask": "d0960f46-1e4d-481b-9354-deed9049b45d"
        }
      ],
      "type": "Display",
      "config": {
        "name": "Display",
        "description": "Display the response to the user",
        "type": "text",
        "text": "$input.content"
      }
    }
  ],
  "type": "Conversational",
  "version": "latest"
}