{
  "_id": "0c613a4f-2924-4692-af67-35e8fd7c2720",
  "aiPersonaId": "488a376c-7f2a-44d1-84f6-893c3e7a9b57",
  "integrationId": "stock-and-inventory-optimization-4222",
  "name": "Workflow for Stock and Inventory Optimization",
  "publisherAccountId": "1b57188b-7473-4cb9-92ec-238389ea212e",
  "startTaskId": "7aa992d5-d33a-4de6-8a30-eff5eed32929",
  "status": "Active",
  "tasks": [
    {
      "_id": "7aa992d5-d33a-4de6-8a30-eff5eed32929",
      "transitions": [],
      "type": "Display",
      "config": {
        "name": "Display",
        "description": "Display the response to the user",
        "type": "text",
        "text": "Hi there! Intent $input.intent has been matched"
      }
    }
  ],
  "type": "Conversational",
  "version": "latest"
}