{
  "_id": "9faac34c-09c0-4f4d-8fc8-d8c7e3321898",
  "aiPersonaId": "00745490-0e33-4a82-9021-6224f4fc73ad",
  "integrationId": "credit-score-and-risk-analysis-4222",
  "name": "Workflow for Credit Score and Risk Analysis",
  "publisherAccountId": "6194bd0b-3bd7-4183-b6e6-d962e1e25c0f",
  "startTaskId": "6052e021-f5f9-496d-bc6d-4e1b148354ee",
  "status": "Active",
  "tasks": [
    {
      "_id": "6052e021-f5f9-496d-bc6d-4e1b148354ee",
      "transitions": [],
      "type": "Display",
      "config": {
        "name": "Display",
        "description": "Display the response to the user",
        "type": "text",
        "text": "Hi there! Intent $input.intent has been matched"
      }
    }
  ],
  "type": "Conversational",
  "version": "latest"
}