{
  "_id": "b6787b5c-a9de-4750-a9fd-50a6c6fc448b",
  "aiPersonaId": "00745490-0e33-4a82-9021-6224f4fc73ad",
  "integrationId": "growth-strategies-4222",
  "name": "Workflow for Growth Strategies",
  "publisherAccountId": "6194bd0b-3bd7-4183-b6e6-d962e1e25c0f",
  "startTaskId": "077a9d5b-4d9a-434f-aa43-85c21b933200",
  "status": "Active",
  "tasks": [
    {
      "_id": "077a9d5b-4d9a-434f-aa43-85c21b933200",
      "transitions": [],
      "type": "Display",
      "config": {
        "name": "Display",
        "description": "Display the response to the user",
        "type": "text",
        "text": "Hi there! Intent $input.intent has been matched"
      }
    }
  ],
  "type": "Conversational",
  "version": "latest"
}