{
  "_id": "90ba2082-9da6-4d37-b134-6863b0c91315",
  "aiPersonaId": "00745490-0e33-4a82-9021-6224f4fc73ad",
  "integrationId": "investor-recommendations-6660",
  "name": "Workflow for Investor Recommendations",
  "publisherAccountId": "6194bd0b-3bd7-4183-b6e6-d962e1e25c0f",
  "startTaskId": "c9626eb9-8a67-4f19-a14b-8d2276babe1a",
  "status": "Active",
  "tasks": [
    {
      "_id": "c9626eb9-8a67-4f19-a14b-8d2276babe1a",
      "transitions": [],
      "type": "Display",
      "config": {
        "name": "Display",
        "description": "Display the response to the user",
        "type": "text",
        "text": "Hi there! Intent $input.intent has been matched"
      }
    }
  ],
  "type": "Conversational",
  "version": "latest"
}