{
  "_id": "6a538e76-9762-4c9f-9640-3a03581099a1",
  "aiPersonaId": "00745490-0e33-4a82-9021-6224f4fc73ad",
  "integrationId": "loan-and-inventory-advice-6900",
  "name": "Workflow for loan_and_inventory_advice",
  "publisherAccountId": "6194bd0b-3bd7-4183-b6e6-d962e1e25c0f",
  "reactflow": {
    "viewport": {
      "x": 0.2704763709693907,
      "y": 117.02714123343654,
      "zoom": 0.9117224917725202
    },
    "nodes": [
      {
        "id": "0",
        "type": "Start",
        "position": {
          "x": 360,
          "y": 400
        },
        "data": {},
        "deletable": false,
        "measured": {
          "width": 301,
          "height": 136
        },
        "selected": false
      },
      {
        "position": {
          "x": 476,
          "y": 237
        },
        "type": "Loader",
        "id": "1743140209139",
        "data": {},
        "measured": {
          "width": 320,
          "height": 78
        },
        "selected": false,
        "dragging": false
      },
      {
        "position": {
          "x": 1048.0796952528829,
          "y": 249.03025027599512
        },
        "type": "DocumentToImage",
        "id": "1743140256879",
        "data": {},
        "measured": {
          "width": 277,
          "height": 78
        },
        "selected": false,
        "dragging": false
      },
      {
        "position": {
          "x": 1382.7780858839328,
          "y": 280
        },
        "type": "JSFunction",
        "id": "1743140269726",
        "data": {},
        "measured": {
          "width": 260,
          "height": 78
        },
        "selected": false,
        "dragging": false
      },
      {
        "position": {
          "x": 773.4773027134096,
          "y": 400
        },
        "type": "Prompt",
        "id": "1743140279511",
        "data": {},
        "measured": {
          "width": 260,
          "height": 78
        },
        "selected": false,
        "dragging": false
      },
      {
        "position": {
          "x": 835.9999999999999,
          "y": 126
        },
        "type": "DocumentUpload",
        "id": "1743156743202",
        "data": {},
        "measured": {
          "width": 260,
          "height": 78
        },
        "selected": false,
        "dragging": false
      },
      {
        "position": {
          "x": 1224.8585655486456,
          "y": 416.0668054901422
        },
        "type": "Display",
        "id": "1743156770259",
        "data": {},
        "measured": {
          "width": 260,
          "height": 78
        },
        "selected": false,
        "dragging": false
      }
    ],
    "edges": [
      {
        "id": "xy-edge__00-source-1-17431402091391743140209139-target-1",
        "type": "Start",
        "source": "0",
        "target": "1743140209139",
        "markerEnd": {
          "type": "arrowclosed",
          "width": 22,
          "height": 22
        },
        "sourceHandle": "0-source-1",
        "selected": false,
        "targetHandle": "1743140209139-target-1"
      },
      {
        "type": "Transition",
        "id": "1743140209139-1743156743202",
        "source": "1743140209139",
        "target": "1743156743202",
        "markerEnd": {
          "type": "arrowclosed",
          "width": 22,
          "height": 22
        },
        "sourceHandle": "1743140209139-source-1",
        "targetHandle": "1743156743202-target-1",
        "selected": false
      },
      {
        "type": "Transition",
        "id": "1743140256879-1743140269726",
        "source": "1743140256879",
        "target": "1743140269726",
        "markerEnd": {
          "type": "arrowclosed",
          "width": 22,
          "height": 22
        },
        "sourceHandle": "1743140256879-source-1",
        "targetHandle": "1743140269726-target-2",
        "selected": false
      },
      {
        "type": "Transition",
        "id": "1743140269726-1743140279511",
        "source": "1743140269726",
        "target": "1743140279511",
        "markerEnd": {
          "type": "arrowclosed",
          "width": 22,
          "height": 22
        },
        "sourceHandle": "1743140269726-source-1",
        "targetHandle": "1743140279511-target-2",
        "selected": false
      },
      {
        "type": "Transition",
        "id": "1743140279511-1743156770259",
        "source": "1743140279511",
        "target": "1743156770259",
        "markerEnd": {
          "type": "arrowclosed",
          "width": 22,
          "height": 22
        },
        "sourceHandle": "1743140279511-source-1",
        "targetHandle": "1743156770259-target-2",
        "selected": false
      },
      {
        "type": "Transition",
        "id": "1743156743202-1743140256879",
        "source": "1743156743202",
        "target": "1743140256879",
        "markerEnd": {
          "type": "arrowclosed",
          "width": 22,
          "height": 22
        },
        "sourceHandle": "1743156743202-source-1",
        "targetHandle": "1743140256879-target-1",
        "selected": false
      }
    ]
  },
  "startTaskId": "1743140209139",
  "status": "Active",
  "tasks": [
    {
      "_id": "1743140209139",
      "type": "Loader",
      "config": {
        "description": "Show loading messages in conversation",
        "name": "Loader",
        "text": "Let's get your documents ready."
      },
      "transitions": [
        {
          "name": "Default",
          "_id": "1743140209139-1743156743202",
          "nextTask": "1743156743202"
        }
      ]
    },
    {
      "_id": "1743140256879",
      "type": "DocumentToImage",
      "config": {
        "description": "Convert document to Images",
        "name": "Document To Image",
        "documentId": "$agent.IncStat"
      },
      "transitions": [
        {
          "name": "Default",
          "_id": "1743140256879-1743140269726",
          "nextTask": "1743140269726"
        }
      ]
    },
    {
      "_id": "1743140269726",
      "type": "JSFunction",
      "config": {
        "description": "Execute JavaScript code",
        "name": "JavaScript",
        "snippetId": "89adc30c-5987-42fa-9200-c686b06e0f98"
      },
      "transitions": [
        {
          "name": "Default",
          "_id": "1743140269726-1743140279511",
          "nextTask": "1743140279511"
        }
      ]
    },
    {
      "_id": "1743140279511",
      "type": "Prompt",
      "config": {
        "description": "Prompt for LLM",
        "name": "Prompt",
        "modelId": "56feb720-adb7-464a-8e6b-fd79a510ba5b",
        "base64DocumentData": "",
        "documentIds": "$input.result",
        "responseFormat": "text",
        "query": "Please analyze and provide stock & inventory financial insights as per the system prompt.",
        "systemPrompt": "You are a Stocks & Inventory Financial Advisor Agent for fintech startups and small businesses.\n\nAnalyze the provided Income Statement and extract key inventory-related financial metrics:\n\nRevenue\nCost of Goods Sold (COGS)\nGross Profit\nInventory Costs (if mentioned)\nEstimated Inventory Turnover Ratio (if possible)\n\nProvide clear insights on:\nInventory efficiency (e.g., slow-moving, overstocked items)\nWhether stock optimization can reduce the need for loans\nInventory-related financial risks (high COGS, low profit, stock obsolescence)\n\nYour output must be a JSON object with the following keys:\nextracted_metrics\ninventory_efficiency_analysis\ncashflow_and_stock_insight\nrisk_warnings\nfinal_inventory_advice\n\nAdditionally, prepare a Checklist for the company’s Chartered Accountant (CA) to verify and validate",
        "temperature": null
      },
      "transitions": [
        {
          "name": "Default",
          "_id": "1743140279511-1743156770259",
          "nextTask": "1743156770259"
        }
      ]
    },
    {
      "_id": "1743156743202",
      "type": "DocumentUpload",
      "config": {
        "description": "Upload document",
        "name": "Upload Document ",
        "uploadTo": "conversation",
        "uploadMethod": "UserInput",
        "supportedFileTypes": [
          "pdf"
        ]
      },
      "transitions": [
        {
          "name": "Default",
          "_id": "1743156743202-1743140256879",
          "nextTask": "1743140256879"
        }
      ],
      "globalVariables": [
        {
          "name": "IncStat",
          "referencePath": "$output.documentId"
        }
      ]
    },
    {
      "_id": "1743156770259",
      "type": "Display",
      "config": {
        "description": "Show data",
        "name": "Display",
        "type": "text",
        "text": "<p><span class=\"text-inherit p-0 m-0 text-primary-dark bg-primary-light/80\" data-type=\"mention\" data-id=\"input.content\">$input.content</span> </p>",
        "rawText": "$input.content",
        "formatVariables": []
      },
      "transitions": []
    }
  ],
  "type": "Conversational",
  "version": "latest"
}