{
  "_id": "18cdde4c-cd14-4cbb-a590-382ef1e90426",
  "aiPersonaId": "00745490-0e33-4a82-9021-6224f4fc73ad",
  "integrationId": "loan-credit-analysis-4222",
  "name": "Workflow for Loan & Credit Analysis",
  "publisherAccountId": "6194bd0b-3bd7-4183-b6e6-d962e1e25c0f",
  "startTaskId": "9558b54f-aa47-4d56-8811-10bfbe904778",
  "status": "Active",
  "tasks": [
    {
      "_id": "9558b54f-aa47-4d56-8811-10bfbe904778",
      "transitions": [],
      "type": "Display",
      "config": {
        "name": "Display",
        "description": "Display the response to the user",
        "type": "text",
        "text": "Hi there! Intent $input.intent has been matched"
      }
    }
  ],
  "type": "Conversational",
  "version": "latest"
}