{
  "_id": "3b3ada5f-5fad-44b2-9a81-488fb08f837d",
  "aiPersonaId": "00745490-0e33-4a82-9021-6224f4fc73ad",
  "integrationId": "ma-comparative-analysis-for-investors-1254-primary-workflow-for-comparative-analysis-for-investors",
  "isMiniAgentPrimaryWorkflow": true,
  "name": "Primary Workflow for Comparative Analysis for Investors",
  "publisherAccountId": "6194bd0b-3bd7-4183-b6e6-d962e1e25c0f",
  "startTaskId": "14d6e625-eddc-4fa9-868f-2877e9d8f84f",
  "status": "Active",
  "tasks": [
    {
      "_id": "14d6e625-eddc-4fa9-868f-2877e9d8f84f",
      "type": "PassThrough",
      "config": {
        "name": "Pass Through",
        "description": "Pass through the input to the output"
      },
      "transitions": [
        {
          "_id": "0c2d0a80-185f-4524-b60a-1231de6b508d-14d6e625-eddc-4fa9-868f-2877e9d8f84f",
          "nextTask": "0c2d0a80-185f-4524-b60a-1231de6b508d",
          "name": "If query doesnt exists",
          "rules": [
            {
              "type": "any",
              "operator": "notExists",
              "path": "$output.query"
            }
          ]
        },
        {
          "_id": "3a20aedd-b458-4f84-ad9a-239c0733d95d-14d6e625-eddc-4fa9-868f-2877e9d8f84f",
          "nextTask": "3a20aedd-b458-4f84-ad9a-239c0733d95d",
          "name": "If intents are already classified",
          "rules": [
            {
              "type": "any",
              "operator": "exists",
              "path": "$output.intents"
            },
            {
              "type": "any",
              "operator": "exists",
              "path": "$output.query"
            }
          ]
        },
        {
          "_id": "14d6e625-eddc-4fa9-868f-2877e9d8f84f-192e9705-54b8-4990-a03c-55f70899fd26",
          "name": "If query exists",
          "nextTask": "192e9705-54b8-4990-a03c-55f70899fd26",
          "rules": [
            {
              "type": "any",
              "operator": "exists",
              "path": "$output.query"
            },
            {
              "type": "any",
              "operator": "notExists",
              "path": "$output.intents"
            }
          ]
        }
      ],
      "globalVariables": [
        {
          "name": "query",
          "referencePath": "$input.query"
        },
        {
          "name": "rawQuery",
          "referencePath": "$input.rawQuery"
        },
        {
          "name": "conversationId",
          "referencePath": "$input.conversationId"
        }
      ]
    },
    {
      "_id": "0c2d0a80-185f-4524-b60a-1231de6b508d",
      "type": "Input",
      "config": {
        "name": "User Input",
        "description": "Get user input",
        "type": "string"
      },
      "transitions": [
        {
          "_id": "0c2d0a80-185f-4524-b60a-1231de6b508d-192e9705-54b8-4990-a03c-55f70899fd26",
          "name": "Default",
          "nextTask": "192e9705-54b8-4990-a03c-55f70899fd26"
        }
      ],
      "globalVariables": [
        {
          "name": "query",
          "referencePath": "$output.userInput"
        },
        {
          "name": "rawQuery",
          "referencePath": "$output.userInput"
        },
        {
          "name": "selfLoopMiniAgent",
          "referencePath": "true"
        }
      ]
    },
    {
      "_id": "192e9705-54b8-4990-a03c-55f70899fd26",
      "type": "Loader",
      "config": {
        "name": "Loader",
        "description": "Display loader message",
        "type": "loader",
        "text": "Just a moment... identifying the best approach to assist you."
      },
      "transitions": [
        {
          "_id": "192e9705-54b8-4990-a03c-55f70899fd26-3273c17d-17bb-4c95-9400-5d58dcbb2b1c",
          "name": "Default",
          "nextTask": "3273c17d-17bb-4c95-9400-5d58dcbb2b1c"
        }
      ]
    },
    {
      "_id": "3273c17d-17bb-4c95-9400-5d58dcbb2b1c",
      "type": "IntentClassification",
      "config": {
        "name": "Intent Classification",
        "description": "Classify the intent of the user message",
        "modelId": "4cf651d9-edf3-455f-a22e-53cc67fcc07b",
        "intents": [
          {
            "name": "Startup Comparative Analysis",
            "description": "Analyzes and compares different startups based on key financial metrics to aid investors in decision-making.",
            "examples": [
              "How do different startups compare in terms of revenue?",
              "Can you provide a comparative analysis of startups based on EBITDA?",
              "What are the operating profits of startups in our portfolio?"
            ]
          }
        ],
        "query": "$agent.query"
      },
      "transitions": [
        {
          "_id": "3273c17d-17bb-4c95-9400-5d58dcbb2b1c-3a20aedd-b458-4f84-ad9a-239c0733d95d",
          "name": "If Intent is Matched",
          "rules": [
            {
              "type": "string",
              "operator": "equal",
              "path": "$output.intentMatched",
              "value": "true"
            }
          ],
          "nextTask": "3a20aedd-b458-4f84-ad9a-239c0733d95d"
        },
        {
          "_id": "3273c17d-17bb-4c95-9400-5d58dcbb2b1c-3c407b21-ca2c-45d7-9b2d-c06bfe6381a8",
          "name": "If No Intent is Matched",
          "rules": [
            {
              "type": "string",
              "operator": "equal",
              "path": "$output.intentMatched",
              "value": "false"
            }
          ],
          "nextTask": "3c407b21-ca2c-45d7-9b2d-c06bfe6381a8"
        }
      ]
    },
    {
      "_id": "3a20aedd-b458-4f84-ad9a-239c0733d95d",
      "type": "JSFunction",
      "config": {
        "name": "JS Function",
        "description": "Execute JS function",
        "code": "\nconst main = () => {\n    const currentExecutionId = _id;\n    const intents = agent?.icIntents?.[currentExecutionId] || input.intents;\n    const currentIndex = agent?.icLoopIndexes?.[currentExecutionId] || 0;\n    const currentIntent = intents[currentIndex] || {};\n    const { intent, task } = currentIntent;\n    const state = currentIndex === intents.length ? 'end' : 'continue'\n    const icLoopIndexes = { ...(agent?.icLoopIndexes || {}), [_id]: state === 'end' ? undefined : currentIndex + 1 };\n    const icIntents = { ...(agent?.icIntents || {}), [_id]: state === 'end' ? undefined : intents };\n    return { ...input, intent, state: currentIndex === intents.length ? 'end' : 'continue', icLoopIndexes, icIntents, query: task };\n};\n\nmain()\n"
      },
      "globalVariables": [
        {
          "referencePath": "$output.icLoopIndexes",
          "name": "icLoopIndexes"
        },
        {
          "referencePath": "$output.icIntents",
          "name": "icIntents"
        }
      ],
      "transitions": [
        {
          "_id": "3a20aedd-b458-4f84-ad9a-239c0733d95d-1cc4187a-b965-4f9b-b0f4-90a69148f43d",
          "name": "If Intent is Matched",
          "rules": [
            {
              "type": "string",
              "operator": "equal",
              "path": "$output.intent",
              "value": "Startup Comparative Analysis"
            }
          ],
          "nextTask": "1cc4187a-b965-4f9b-b0f4-90a69148f43d"
        },
        {
          "_id": "3a20aedd-b458-4f84-ad9a-239c0733d95d-0c2d0a80-185f-4524-b60a-1231de6b508d",
          "name": "If Self Loop",
          "rules": [
            {
              "type": "string",
              "operator": "equal",
              "path": "$agent.selfLoopMiniAgent",
              "value": "true"
            },
            {
              "type": "string",
              "operator": "equal",
              "path": "$output.state",
              "value": "end"
            }
          ],
          "nextTask": "0c2d0a80-185f-4524-b60a-1231de6b508d"
        }
      ]
    },
    {
      "_id": "1cc4187a-b965-4f9b-b0f4-90a69148f43d",
      "type": "Workflow",
      "config": {
        "name": "Intent - Startup Comparative Analysis",
        "description": "Workflow for intent - Startup Comparative Analysis",
        "workflowId": "95149b0f-e045-4d52-8920-c3413539f948"
      },
      "transitions": [
        {
          "_id": "1cc4187a-b965-4f9b-b0f4-90a69148f43d-3a20aedd-b458-4f84-ad9a-239c0733d95d",
          "name": "Mini agent execution completed",
          "nextTask": "3a20aedd-b458-4f84-ad9a-239c0733d95d"
        }
      ]
    },
    {
      "_id": "3c407b21-ca2c-45d7-9b2d-c06bfe6381a8",
      "transitions": [
        {
          "_id": "3c407b21-ca2c-45d7-9b2d-c06bfe6381a8-0c2d0a80-185f-4524-b60a-1231de6b508d",
          "name": "If Self Loop",
          "rules": [
            {
              "type": "string",
              "operator": "equal",
              "path": "$agent.selfLoopMiniAgent",
              "value": "true"
            }
          ],
          "nextTask": "0c2d0a80-185f-4524-b60a-1231de6b508d"
        }
      ],
      "type": "Output",
      "config": {
        "name": "Output",
        "description": "Output the response to the user",
        "type": "external",
        "text": "Unable to complete task $agent.query"
      }
    },
    {
      "_id": "e1236809-8794-4bb9-a00c-8f2897a66c9d",
      "transitions": [
        {
          "_id": "e1236809-8794-4bb9-a00c-8f2897a66c9d-0c2d0a80-185f-4524-b60a-1231de6b508d",
          "name": "If Self Loop",
          "rules": [
            {
              "type": "string",
              "operator": "equal",
              "path": "$agent.selfLoopMiniAgent",
              "value": "true"
            }
          ],
          "nextTask": "0c2d0a80-185f-4524-b60a-1231de6b508d"
        }
      ],
      "type": "Display",
      "config": {
        "name": "Display",
        "description": "Display the response to the user",
        "type": "text",
        "text": "$input.content"
      }
    }
  ],
  "type": "Conversational",
  "version": "latest"
}