{
  "_id": "0cf797a2-e7ed-4d8c-a4b7-3ef05ced40f1",
  "aiPersonaId": "00745490-0e33-4a82-9021-6224f4fc73ad",
  "integrationId": "ma-docreader-1797-primary-workflow-for-doc-reader",
  "isMiniAgentPrimaryWorkflow": true,
  "name": "Primary Workflow for DocReader",
  "publisherAccountId": "6194bd0b-3bd7-4183-b6e6-d962e1e25c0f",
  "startTaskId": "b4f548c7-3806-491e-9483-0b4f7bc55669",
  "status": "Active",
  "tasks": [
    {
      "_id": "b4f548c7-3806-491e-9483-0b4f7bc55669",
      "type": "PassThrough",
      "config": {
        "name": "Pass Through",
        "description": "Pass through the input to the output"
      },
      "transitions": [
        {
          "_id": "4e07620e-f03f-47a1-a762-7afecc93c982-b4f548c7-3806-491e-9483-0b4f7bc55669",
          "nextTask": "4e07620e-f03f-47a1-a762-7afecc93c982",
          "name": "If query doesnt exists",
          "rules": [
            {
              "type": "any",
              "operator": "notExists",
              "path": "$output.query"
            }
          ]
        },
        {
          "_id": "6351f768-d3f6-4337-988c-d5213d1f1938-b4f548c7-3806-491e-9483-0b4f7bc55669",
          "nextTask": "6351f768-d3f6-4337-988c-d5213d1f1938",
          "name": "If intents are already classified",
          "rules": [
            {
              "type": "any",
              "operator": "exists",
              "path": "$output.intents"
            },
            {
              "type": "any",
              "operator": "exists",
              "path": "$output.query"
            }
          ]
        },
        {
          "_id": "b4f548c7-3806-491e-9483-0b4f7bc55669-22da7a1f-17dc-4939-90f7-e3ceb1797a15",
          "name": "If query exists",
          "nextTask": "22da7a1f-17dc-4939-90f7-e3ceb1797a15",
          "rules": [
            {
              "type": "any",
              "operator": "exists",
              "path": "$output.query"
            },
            {
              "type": "any",
              "operator": "notExists",
              "path": "$output.intents"
            }
          ]
        }
      ],
      "globalVariables": [
        {
          "name": "query",
          "referencePath": "$input.query"
        },
        {
          "name": "rawQuery",
          "referencePath": "$input.rawQuery"
        },
        {
          "name": "conversationId",
          "referencePath": "$input.conversationId"
        }
      ]
    },
    {
      "_id": "4e07620e-f03f-47a1-a762-7afecc93c982",
      "type": "Input",
      "config": {
        "name": "User Input",
        "description": "Get user input",
        "type": "string"
      },
      "transitions": [
        {
          "_id": "4e07620e-f03f-47a1-a762-7afecc93c982-22da7a1f-17dc-4939-90f7-e3ceb1797a15",
          "name": "Default",
          "nextTask": "22da7a1f-17dc-4939-90f7-e3ceb1797a15"
        }
      ],
      "globalVariables": [
        {
          "name": "query",
          "referencePath": "$output.userInput"
        },
        {
          "name": "rawQuery",
          "referencePath": "$output.userInput"
        },
        {
          "name": "selfLoopMiniAgent",
          "referencePath": "true"
        }
      ]
    },
    {
      "_id": "22da7a1f-17dc-4939-90f7-e3ceb1797a15",
      "type": "Loader",
      "config": {
        "name": "Loader",
        "description": "Display loader message",
        "type": "loader",
        "text": "Just a moment... identifying the best approach to assist you."
      },
      "transitions": [
        {
          "_id": "22da7a1f-17dc-4939-90f7-e3ceb1797a15-444c0414-57de-44ab-8710-14f56cfc1033",
          "name": "Default",
          "nextTask": "444c0414-57de-44ab-8710-14f56cfc1033"
        }
      ]
    },
    {
      "_id": "444c0414-57de-44ab-8710-14f56cfc1033",
      "type": "IntentClassification",
      "config": {
        "name": "Intent Classification",
        "description": "Classify the intent of the user message",
        "modelId": "56feb720-adb7-464a-8e6b-fd79a510ba5b",
        "intents": [],
        "query": "$agent.query"
      },
      "transitions": [
        {
          "_id": "444c0414-57de-44ab-8710-14f56cfc1033-6351f768-d3f6-4337-988c-d5213d1f1938",
          "name": "If Intent is Matched",
          "rules": [
            {
              "type": "string",
              "operator": "equal",
              "path": "$output.intentMatched",
              "value": "true"
            }
          ],
          "nextTask": "6351f768-d3f6-4337-988c-d5213d1f1938"
        },
        {
          "_id": "444c0414-57de-44ab-8710-14f56cfc1033-828e3ba6-0aa6-4855-ba31-93329be89917",
          "name": "If No Intent is Matched",
          "rules": [
            {
              "type": "string",
              "operator": "equal",
              "path": "$output.intentMatched",
              "value": "false"
            }
          ],
          "nextTask": "828e3ba6-0aa6-4855-ba31-93329be89917"
        }
      ]
    },
    {
      "_id": "6351f768-d3f6-4337-988c-d5213d1f1938",
      "type": "JSFunction",
      "config": {
        "name": "JS Function",
        "description": "Execute JS function",
        "code": "\nconst main = () => {\n    const currentExecutionId = _id;\n    const intents = agent?.icIntents?.[currentExecutionId] || input.intents;\n    const currentIndex = agent?.icLoopIndexes?.[currentExecutionId] || 0;\n    const currentIntent = intents[currentIndex] || {};\n    const { intent, task } = currentIntent;\n    const state = currentIndex === intents.length ? 'end' : 'continue'\n    const icLoopIndexes = { ...(agent?.icLoopIndexes || {}), [_id]: state === 'end' ? undefined : currentIndex + 1 };\n    const icIntents = { ...(agent?.icIntents || {}), [_id]: state === 'end' ? undefined : intents };\n    return { ...input, intent, state: currentIndex === intents.length ? 'end' : 'continue', icLoopIndexes, icIntents, query: task };\n};\n\nmain()\n"
      },
      "globalVariables": [
        {
          "referencePath": "$output.icLoopIndexes",
          "name": "icLoopIndexes"
        },
        {
          "referencePath": "$output.icIntents",
          "name": "icIntents"
        }
      ],
      "transitions": [
        {
          "_id": "6351f768-d3f6-4337-988c-d5213d1f1938-4e07620e-f03f-47a1-a762-7afecc93c982",
          "name": "If Self Loop",
          "rules": [
            {
              "type": "string",
              "operator": "equal",
              "path": "$agent.selfLoopMiniAgent",
              "value": "true"
            },
            {
              "type": "string",
              "operator": "equal",
              "path": "$output.state",
              "value": "end"
            }
          ],
          "nextTask": "4e07620e-f03f-47a1-a762-7afecc93c982"
        }
      ]
    },
    {
      "_id": "828e3ba6-0aa6-4855-ba31-93329be89917",
      "transitions": [
        {
          "_id": "828e3ba6-0aa6-4855-ba31-93329be89917-4e07620e-f03f-47a1-a762-7afecc93c982",
          "name": "If Self Loop",
          "rules": [
            {
              "type": "string",
              "operator": "equal",
              "path": "$agent.selfLoopMiniAgent",
              "value": "true"
            }
          ],
          "nextTask": "4e07620e-f03f-47a1-a762-7afecc93c982"
        }
      ],
      "type": "Output",
      "config": {
        "name": "Output",
        "description": "Output the response to the user",
        "type": "external",
        "text": "Unable to complete task $agent.query"
      }
    },
    {
      "_id": "863542a3-62af-4bf5-bbc0-2a9e760f3165",
      "transitions": [
        {
          "_id": "863542a3-62af-4bf5-bbc0-2a9e760f3165-4e07620e-f03f-47a1-a762-7afecc93c982",
          "name": "If Self Loop",
          "rules": [
            {
              "type": "string",
              "operator": "equal",
              "path": "$agent.selfLoopMiniAgent",
              "value": "true"
            }
          ],
          "nextTask": "4e07620e-f03f-47a1-a762-7afecc93c982"
        }
      ],
      "type": "Display",
      "config": {
        "name": "Display",
        "description": "Display the response to the user",
        "type": "text",
        "text": "$input.content"
      }
    }
  ],
  "type": "Conversational",
  "version": "latest"
}