{
  "_id": "53b61ff2-6340-4915-8be8-cb140d604f3f",
  "aiPersonaId": "00745490-0e33-4a82-9021-6224f4fc73ad",
  "integrationId": "ma-financial-planning-and-analysis-3642-primary-workflow-for-financial-planning-and-analysis",
  "isMiniAgentPrimaryWorkflow": true,
  "name": "Primary Workflow for Financial Planning and Analysis",
  "publisherAccountId": "6194bd0b-3bd7-4183-b6e6-d962e1e25c0f",
  "startTaskId": "08b64ad9-6914-42e6-b344-2529a2a08ee4",
  "status": "Active",
  "tasks": [
    {
      "_id": "08b64ad9-6914-42e6-b344-2529a2a08ee4",
      "type": "PassThrough",
      "config": {
        "name": "Pass Through",
        "description": "Pass through the input to the output"
      },
      "transitions": [
        {
          "_id": "351d1137-c7cc-4395-9ff6-2ef8373e01b7-08b64ad9-6914-42e6-b344-2529a2a08ee4",
          "nextTask": "351d1137-c7cc-4395-9ff6-2ef8373e01b7",
          "name": "If query doesnt exists",
          "rules": [
            {
              "type": "any",
              "operator": "notExists",
              "path": "$output.query"
            }
          ]
        },
        {
          "_id": "04b848db-c3e1-42e8-8a1f-582442ca90f9-08b64ad9-6914-42e6-b344-2529a2a08ee4",
          "nextTask": "04b848db-c3e1-42e8-8a1f-582442ca90f9",
          "name": "If intents are already classified",
          "rules": [
            {
              "type": "any",
              "operator": "exists",
              "path": "$output.intents"
            },
            {
              "type": "any",
              "operator": "exists",
              "path": "$output.query"
            }
          ]
        },
        {
          "_id": "08b64ad9-6914-42e6-b344-2529a2a08ee4-ca7a8ca5-0c8d-417f-9c16-fc3d889969df",
          "name": "If query exists",
          "nextTask": "ca7a8ca5-0c8d-417f-9c16-fc3d889969df",
          "rules": [
            {
              "type": "any",
              "operator": "exists",
              "path": "$output.query"
            },
            {
              "type": "any",
              "operator": "notExists",
              "path": "$output.intents"
            }
          ]
        }
      ],
      "globalVariables": [
        {
          "name": "query",
          "referencePath": "$input.query"
        },
        {
          "name": "rawQuery",
          "referencePath": "$input.rawQuery"
        },
        {
          "name": "conversationId",
          "referencePath": "$input.conversationId"
        }
      ]
    },
    {
      "_id": "351d1137-c7cc-4395-9ff6-2ef8373e01b7",
      "type": "Input",
      "config": {
        "name": "User Input",
        "description": "Get user input",
        "type": "string"
      },
      "transitions": [
        {
          "_id": "351d1137-c7cc-4395-9ff6-2ef8373e01b7-ca7a8ca5-0c8d-417f-9c16-fc3d889969df",
          "name": "Default",
          "nextTask": "ca7a8ca5-0c8d-417f-9c16-fc3d889969df"
        }
      ],
      "globalVariables": [
        {
          "name": "query",
          "referencePath": "$output.userInput"
        },
        {
          "name": "rawQuery",
          "referencePath": "$output.userInput"
        },
        {
          "name": "selfLoopMiniAgent",
          "referencePath": "true"
        }
      ]
    },
    {
      "_id": "ca7a8ca5-0c8d-417f-9c16-fc3d889969df",
      "type": "Loader",
      "config": {
        "name": "Loader",
        "description": "Display loader message",
        "type": "loader",
        "text": "Just a moment... identifying the best approach to assist you."
      },
      "transitions": [
        {
          "_id": "ca7a8ca5-0c8d-417f-9c16-fc3d889969df-107a6d8e-6621-4249-aa21-8f1cb2e47762",
          "name": "Default",
          "nextTask": "107a6d8e-6621-4249-aa21-8f1cb2e47762"
        }
      ]
    },
    {
      "_id": "107a6d8e-6621-4249-aa21-8f1cb2e47762",
      "type": "IntentClassification",
      "config": {
        "name": "Intent Classification",
        "description": "Classify the intent of the user message",
        "modelId": "4cf651d9-edf3-455f-a22e-53cc67fcc07b",
        "intents": [
          {
            "name": "Growth Strategies",
            "description": "Provides recommendations based on widely implemented business strategies and guides startups in budgeting and resource management using AI-based tools.",
            "examples": [
              "What growth strategies should we consider for our startup?",
              "Can you help us with budgeting and resource management?",
              "What are some AI tools for improving our business strategies?"
            ]
          },
          {
            "name": "Loan & Credit Analysis",
            "description": "Offers AI-driven loan recommendations, identifying banks or NBFCs with the best interest rates for startups.",
            "examples": [
              "Which bank offers the best loan interest rates for startups?",
              "Can you recommend a loan option for our business?",
              "What are the best NBFCs for startup loans?"
            ]
          },
          {
            "name": "Cash Flow and Investment Management",
            "description": "Predicts cash surplus or deficit and suggests investment or cost-cutting strategies, including recommendations for short-term investments like FDs, bonds, and mutual funds.",
            "examples": [
              "How can we manage our cash flow better?",
              "What short-term investments should we consider for surplus funds?",
              "Can you suggest cost-cutting strategies for our startup?"
            ]
          },
          {
            "name": "Stock and Inventory Optimization",
            "description": "Tracks stock popularity and suggests inventory refilling based on market trends, along with real-time analysis of supplier pricing and demand forecasting.",
            "examples": [
              "How should we optimize our inventory based on current trends?",
              "Can you analyze supplier pricing for us?",
              "What are the demand forecasts for our products?"
            ]
          },
          {
            "name": "Credit Score and Risk Analysis",
            "description": "Fetches and analyzes business credit scores and suggests ways to optimize them.",
            "examples": [
              "What is our current business credit score?",
              "How can we improve our credit score?",
              "Can you analyze our credit risk?"
            ]
          }
        ],
        "query": "$agent.query"
      },
      "transitions": [
        {
          "_id": "107a6d8e-6621-4249-aa21-8f1cb2e47762-04b848db-c3e1-42e8-8a1f-582442ca90f9",
          "name": "If Intent is Matched",
          "rules": [
            {
              "type": "string",
              "operator": "equal",
              "path": "$output.intentMatched",
              "value": "true"
            }
          ],
          "nextTask": "04b848db-c3e1-42e8-8a1f-582442ca90f9"
        },
        {
          "_id": "107a6d8e-6621-4249-aa21-8f1cb2e47762-3ff2f98d-2f9b-4307-8cfe-0b8eb4fb9faf",
          "name": "If No Intent is Matched",
          "rules": [
            {
              "type": "string",
              "operator": "equal",
              "path": "$output.intentMatched",
              "value": "false"
            }
          ],
          "nextTask": "3ff2f98d-2f9b-4307-8cfe-0b8eb4fb9faf"
        }
      ]
    },
    {
      "_id": "04b848db-c3e1-42e8-8a1f-582442ca90f9",
      "type": "JSFunction",
      "config": {
        "name": "JS Function",
        "description": "Execute JS function",
        "code": "\nconst main = () => {\n    const currentExecutionId = _id;\n    const intents = agent?.icIntents?.[currentExecutionId] || input.intents;\n    const currentIndex = agent?.icLoopIndexes?.[currentExecutionId] || 0;\n    const currentIntent = intents[currentIndex] || {};\n    const { intent, task } = currentIntent;\n    const state = currentIndex === intents.length ? 'end' : 'continue'\n    const icLoopIndexes = { ...(agent?.icLoopIndexes || {}), [_id]: state === 'end' ? undefined : currentIndex + 1 };\n    const icIntents = { ...(agent?.icIntents || {}), [_id]: state === 'end' ? undefined : intents };\n    return { ...input, intent, state: currentIndex === intents.length ? 'end' : 'continue', icLoopIndexes, icIntents, query: task };\n};\n\nmain()\n"
      },
      "globalVariables": [
        {
          "referencePath": "$output.icLoopIndexes",
          "name": "icLoopIndexes"
        },
        {
          "referencePath": "$output.icIntents",
          "name": "icIntents"
        }
      ],
      "transitions": [
        {
          "_id": "04b848db-c3e1-42e8-8a1f-582442ca90f9-3203e05d-7440-43ac-b559-ed9f9bce3117",
          "name": "If Intent is Matched",
          "rules": [
            {
              "type": "string",
              "operator": "equal",
              "path": "$output.intent",
              "value": "Growth Strategies"
            }
          ],
          "nextTask": "3203e05d-7440-43ac-b559-ed9f9bce3117"
        },
        {
          "_id": "04b848db-c3e1-42e8-8a1f-582442ca90f9-bb03f3d6-db4c-42d5-b91f-fdf9cd5a74ff",
          "name": "If Intent is Matched",
          "rules": [
            {
              "type": "string",
              "operator": "equal",
              "path": "$output.intent",
              "value": "Loan & Credit Analysis"
            }
          ],
          "nextTask": "bb03f3d6-db4c-42d5-b91f-fdf9cd5a74ff"
        },
        {
          "_id": "04b848db-c3e1-42e8-8a1f-582442ca90f9-968f1dbb-98b4-4df6-885f-bcedf3fe18fe",
          "name": "If Intent is Matched",
          "rules": [
            {
              "type": "string",
              "operator": "equal",
              "path": "$output.intent",
              "value": "Cash Flow and Investment Management"
            }
          ],
          "nextTask": "968f1dbb-98b4-4df6-885f-bcedf3fe18fe"
        },
        {
          "_id": "04b848db-c3e1-42e8-8a1f-582442ca90f9-99416666-96a6-4121-9ad1-1cefee013000",
          "name": "If Intent is Matched",
          "rules": [
            {
              "type": "string",
              "operator": "equal",
              "path": "$output.intent",
              "value": "Stock and Inventory Optimization"
            }
          ],
          "nextTask": "99416666-96a6-4121-9ad1-1cefee013000"
        },
        {
          "_id": "04b848db-c3e1-42e8-8a1f-582442ca90f9-5b205a28-fa6f-4884-8ef4-e1585aec60d1",
          "name": "If Intent is Matched",
          "rules": [
            {
              "type": "string",
              "operator": "equal",
              "path": "$output.intent",
              "value": "Credit Score and Risk Analysis"
            }
          ],
          "nextTask": "5b205a28-fa6f-4884-8ef4-e1585aec60d1"
        },
        {
          "_id": "04b848db-c3e1-42e8-8a1f-582442ca90f9-351d1137-c7cc-4395-9ff6-2ef8373e01b7",
          "name": "If Self Loop",
          "rules": [
            {
              "type": "string",
              "operator": "equal",
              "path": "$agent.selfLoopMiniAgent",
              "value": "true"
            },
            {
              "type": "string",
              "operator": "equal",
              "path": "$output.state",
              "value": "end"
            }
          ],
          "nextTask": "351d1137-c7cc-4395-9ff6-2ef8373e01b7"
        }
      ]
    },
    {
      "_id": "3203e05d-7440-43ac-b559-ed9f9bce3117",
      "type": "Workflow",
      "config": {
        "name": "Intent - Growth Strategies",
        "description": "Workflow for intent - Growth Strategies",
        "workflowId": "b6787b5c-a9de-4750-a9fd-50a6c6fc448b"
      },
      "transitions": [
        {
          "_id": "3203e05d-7440-43ac-b559-ed9f9bce3117-04b848db-c3e1-42e8-8a1f-582442ca90f9",
          "name": "Mini agent execution completed",
          "nextTask": "04b848db-c3e1-42e8-8a1f-582442ca90f9"
        }
      ]
    },
    {
      "_id": "bb03f3d6-db4c-42d5-b91f-fdf9cd5a74ff",
      "type": "Workflow",
      "config": {
        "name": "Intent - Loan & Credit Analysis",
        "description": "Workflow for intent - Loan & Credit Analysis",
        "workflowId": "18cdde4c-cd14-4cbb-a590-382ef1e90426"
      },
      "transitions": [
        {
          "_id": "bb03f3d6-db4c-42d5-b91f-fdf9cd5a74ff-04b848db-c3e1-42e8-8a1f-582442ca90f9",
          "name": "Mini agent execution completed",
          "nextTask": "04b848db-c3e1-42e8-8a1f-582442ca90f9"
        }
      ]
    },
    {
      "_id": "968f1dbb-98b4-4df6-885f-bcedf3fe18fe",
      "type": "Workflow",
      "config": {
        "name": "Intent - Cash Flow and Investment Management",
        "description": "Workflow for intent - Cash Flow and Investment Management",
        "workflowId": "3e1049f5-945c-4613-809c-db14f70e33e8"
      },
      "transitions": [
        {
          "_id": "968f1dbb-98b4-4df6-885f-bcedf3fe18fe-04b848db-c3e1-42e8-8a1f-582442ca90f9",
          "name": "Mini agent execution completed",
          "nextTask": "04b848db-c3e1-42e8-8a1f-582442ca90f9"
        }
      ]
    },
    {
      "_id": "99416666-96a6-4121-9ad1-1cefee013000",
      "type": "Workflow",
      "config": {
        "name": "Intent - Stock and Inventory Optimization",
        "description": "Workflow for intent - Stock and Inventory Optimization",
        "workflowId": "a4e17fc0-2cb6-47e8-9672-c6c62458b37e"
      },
      "transitions": [
        {
          "_id": "99416666-96a6-4121-9ad1-1cefee013000-04b848db-c3e1-42e8-8a1f-582442ca90f9",
          "name": "Mini agent execution completed",
          "nextTask": "04b848db-c3e1-42e8-8a1f-582442ca90f9"
        }
      ]
    },
    {
      "_id": "5b205a28-fa6f-4884-8ef4-e1585aec60d1",
      "type": "Workflow",
      "config": {
        "name": "Intent - Credit Score and Risk Analysis",
        "description": "Workflow for intent - Credit Score and Risk Analysis",
        "workflowId": "9faac34c-09c0-4f4d-8fc8-d8c7e3321898"
      },
      "transitions": [
        {
          "_id": "5b205a28-fa6f-4884-8ef4-e1585aec60d1-04b848db-c3e1-42e8-8a1f-582442ca90f9",
          "name": "Mini agent execution completed",
          "nextTask": "04b848db-c3e1-42e8-8a1f-582442ca90f9"
        }
      ]
    },
    {
      "_id": "3ff2f98d-2f9b-4307-8cfe-0b8eb4fb9faf",
      "transitions": [
        {
          "_id": "3ff2f98d-2f9b-4307-8cfe-0b8eb4fb9faf-351d1137-c7cc-4395-9ff6-2ef8373e01b7",
          "name": "If Self Loop",
          "rules": [
            {
              "type": "string",
              "operator": "equal",
              "path": "$agent.selfLoopMiniAgent",
              "value": "true"
            }
          ],
          "nextTask": "351d1137-c7cc-4395-9ff6-2ef8373e01b7"
        }
      ],
      "type": "Output",
      "config": {
        "name": "Output",
        "description": "Output the response to the user",
        "type": "external",
        "text": "Unable to complete task $agent.query"
      }
    },
    {
      "_id": "cfe08d53-791f-43d7-80f2-598a95e193c2",
      "transitions": [
        {
          "_id": "cfe08d53-791f-43d7-80f2-598a95e193c2-351d1137-c7cc-4395-9ff6-2ef8373e01b7",
          "name": "If Self Loop",
          "rules": [
            {
              "type": "string",
              "operator": "equal",
              "path": "$agent.selfLoopMiniAgent",
              "value": "true"
            }
          ],
          "nextTask": "351d1137-c7cc-4395-9ff6-2ef8373e01b7"
        }
      ],
      "type": "Display",
      "config": {
        "name": "Display",
        "description": "Display the response to the user",
        "type": "text",
        "text": "$input.content"
      }
    }
  ],
  "type": "Conversational",
  "version": "latest"
}