{
  "_id": "f0c21e8a-1e8d-4e7c-a004-b2b2900bff34",
  "aiPersonaId": "00745490-0e33-4a82-9021-6224f4fc73ad",
  "integrationId": "ma-investor-matching-6457-primary-workflow-for-investor-matching",
  "isMiniAgentPrimaryWorkflow": true,
  "name": "Primary Workflow for Investor Matching",
  "publisherAccountId": "6194bd0b-3bd7-4183-b6e6-d962e1e25c0f",
  "startTaskId": "c3add773-7aa3-49bc-9ec2-7a513f50619b",
  "status": "Active",
  "tasks": [
    {
      "_id": "c3add773-7aa3-49bc-9ec2-7a513f50619b",
      "type": "PassThrough",
      "config": {
        "name": "Pass Through",
        "description": "Pass through the input to the output"
      },
      "transitions": [
        {
          "_id": "86fce16d-854d-4511-9fac-fdef08296d16-c3add773-7aa3-49bc-9ec2-7a513f50619b",
          "nextTask": "86fce16d-854d-4511-9fac-fdef08296d16",
          "name": "If query doesnt exists",
          "rules": [
            {
              "type": "any",
              "operator": "notExists",
              "path": "$output.query"
            }
          ]
        },
        {
          "_id": "0aff4191-624d-4814-9f40-2ddcff3810a6-c3add773-7aa3-49bc-9ec2-7a513f50619b",
          "nextTask": "0aff4191-624d-4814-9f40-2ddcff3810a6",
          "name": "If intents are already classified",
          "rules": [
            {
              "type": "any",
              "operator": "exists",
              "path": "$output.intents"
            },
            {
              "type": "any",
              "operator": "exists",
              "path": "$output.query"
            }
          ]
        },
        {
          "_id": "c3add773-7aa3-49bc-9ec2-7a513f50619b-329f2032-0261-4d1d-a35b-98a4dfb6467f",
          "name": "If query exists",
          "nextTask": "329f2032-0261-4d1d-a35b-98a4dfb6467f",
          "rules": [
            {
              "type": "any",
              "operator": "exists",
              "path": "$output.query"
            },
            {
              "type": "any",
              "operator": "notExists",
              "path": "$output.intents"
            }
          ]
        }
      ],
      "globalVariables": [
        {
          "name": "query",
          "referencePath": "$input.query"
        },
        {
          "name": "rawQuery",
          "referencePath": "$input.rawQuery"
        },
        {
          "name": "conversationId",
          "referencePath": "$input.conversationId"
        }
      ]
    },
    {
      "_id": "86fce16d-854d-4511-9fac-fdef08296d16",
      "type": "Input",
      "config": {
        "name": "User Input",
        "description": "Get user input",
        "type": "string"
      },
      "transitions": [
        {
          "_id": "86fce16d-854d-4511-9fac-fdef08296d16-329f2032-0261-4d1d-a35b-98a4dfb6467f",
          "name": "Default",
          "nextTask": "329f2032-0261-4d1d-a35b-98a4dfb6467f"
        }
      ],
      "globalVariables": [
        {
          "name": "query",
          "referencePath": "$output.userInput"
        },
        {
          "name": "rawQuery",
          "referencePath": "$output.userInput"
        },
        {
          "name": "selfLoopMiniAgent",
          "referencePath": "true"
        }
      ]
    },
    {
      "_id": "329f2032-0261-4d1d-a35b-98a4dfb6467f",
      "type": "Loader",
      "config": {
        "name": "Loader",
        "description": "Display loader message",
        "type": "loader",
        "text": "Just a moment... identifying the best approach to assist you."
      },
      "transitions": [
        {
          "_id": "329f2032-0261-4d1d-a35b-98a4dfb6467f-9f51bf96-2ef9-40ab-8459-14010ceebeb4",
          "name": "Default",
          "nextTask": "9f51bf96-2ef9-40ab-8459-14010ceebeb4"
        }
      ]
    },
    {
      "_id": "9f51bf96-2ef9-40ab-8459-14010ceebeb4",
      "type": "IntentClassification",
      "config": {
        "name": "Intent Classification",
        "description": "Classify the intent of the user message",
        "modelId": "4cf651d9-edf3-455f-a22e-53cc67fcc07b",
        "intents": [
          {
            "name": "Investor Recommendations",
            "description": "Suggests potential investors who are genuinely interested in startups, based on their investment history and habits.",
            "examples": [
              "Who are the potential investors for our startup?",
              "Can you match us with investors interested in our industry?",
              "What investors have a history of investing in startups like ours?"
            ]
          }
        ],
        "query": "$agent.query"
      },
      "transitions": [
        {
          "_id": "9f51bf96-2ef9-40ab-8459-14010ceebeb4-0aff4191-624d-4814-9f40-2ddcff3810a6",
          "name": "If Intent is Matched",
          "rules": [
            {
              "type": "string",
              "operator": "equal",
              "path": "$output.intentMatched",
              "value": "true"
            }
          ],
          "nextTask": "0aff4191-624d-4814-9f40-2ddcff3810a6"
        },
        {
          "_id": "9f51bf96-2ef9-40ab-8459-14010ceebeb4-e64ef5a1-b476-431f-8044-daf1e42b0346",
          "name": "If No Intent is Matched",
          "rules": [
            {
              "type": "string",
              "operator": "equal",
              "path": "$output.intentMatched",
              "value": "false"
            }
          ],
          "nextTask": "e64ef5a1-b476-431f-8044-daf1e42b0346"
        }
      ]
    },
    {
      "_id": "0aff4191-624d-4814-9f40-2ddcff3810a6",
      "type": "JSFunction",
      "config": {
        "name": "JS Function",
        "description": "Execute JS function",
        "code": "\nconst main = () => {\n    const currentExecutionId = _id;\n    const intents = agent?.icIntents?.[currentExecutionId] || input.intents;\n    const currentIndex = agent?.icLoopIndexes?.[currentExecutionId] || 0;\n    const currentIntent = intents[currentIndex] || {};\n    const { intent, task } = currentIntent;\n    const state = currentIndex === intents.length ? 'end' : 'continue'\n    const icLoopIndexes = { ...(agent?.icLoopIndexes || {}), [_id]: state === 'end' ? undefined : currentIndex + 1 };\n    const icIntents = { ...(agent?.icIntents || {}), [_id]: state === 'end' ? undefined : intents };\n    return { ...input, intent, state: currentIndex === intents.length ? 'end' : 'continue', icLoopIndexes, icIntents, query: task };\n};\n\nmain()\n"
      },
      "globalVariables": [
        {
          "referencePath": "$output.icLoopIndexes",
          "name": "icLoopIndexes"
        },
        {
          "referencePath": "$output.icIntents",
          "name": "icIntents"
        }
      ],
      "transitions": [
        {
          "_id": "0aff4191-624d-4814-9f40-2ddcff3810a6-c5910240-e6a0-4060-b549-7bbc5bf5fd6e",
          "name": "If Intent is Matched",
          "rules": [
            {
              "type": "string",
              "operator": "equal",
              "path": "$output.intent",
              "value": "Investor Recommendations"
            }
          ],
          "nextTask": "c5910240-e6a0-4060-b549-7bbc5bf5fd6e"
        },
        {
          "_id": "0aff4191-624d-4814-9f40-2ddcff3810a6-86fce16d-854d-4511-9fac-fdef08296d16",
          "name": "If Self Loop",
          "rules": [
            {
              "type": "string",
              "operator": "equal",
              "path": "$agent.selfLoopMiniAgent",
              "value": "true"
            },
            {
              "type": "string",
              "operator": "equal",
              "path": "$output.state",
              "value": "end"
            }
          ],
          "nextTask": "86fce16d-854d-4511-9fac-fdef08296d16"
        }
      ]
    },
    {
      "_id": "c5910240-e6a0-4060-b549-7bbc5bf5fd6e",
      "type": "Workflow",
      "config": {
        "name": "Intent - Investor Recommendations",
        "description": "Workflow for intent - Investor Recommendations",
        "workflowId": "90ba2082-9da6-4d37-b134-6863b0c91315"
      },
      "transitions": [
        {
          "_id": "c5910240-e6a0-4060-b549-7bbc5bf5fd6e-0aff4191-624d-4814-9f40-2ddcff3810a6",
          "name": "Mini agent execution completed",
          "nextTask": "0aff4191-624d-4814-9f40-2ddcff3810a6"
        }
      ]
    },
    {
      "_id": "e64ef5a1-b476-431f-8044-daf1e42b0346",
      "transitions": [
        {
          "_id": "e64ef5a1-b476-431f-8044-daf1e42b0346-86fce16d-854d-4511-9fac-fdef08296d16",
          "name": "If Self Loop",
          "rules": [
            {
              "type": "string",
              "operator": "equal",
              "path": "$agent.selfLoopMiniAgent",
              "value": "true"
            }
          ],
          "nextTask": "86fce16d-854d-4511-9fac-fdef08296d16"
        }
      ],
      "type": "Output",
      "config": {
        "name": "Output",
        "description": "Output the response to the user",
        "type": "external",
        "text": "Unable to complete task $agent.query"
      }
    },
    {
      "_id": "99f555b8-d641-4da5-8790-f0b6421637bc",
      "transitions": [
        {
          "_id": "99f555b8-d641-4da5-8790-f0b6421637bc-86fce16d-854d-4511-9fac-fdef08296d16",
          "name": "If Self Loop",
          "rules": [
            {
              "type": "string",
              "operator": "equal",
              "path": "$agent.selfLoopMiniAgent",
              "value": "true"
            }
          ],
          "nextTask": "86fce16d-854d-4511-9fac-fdef08296d16"
        }
      ],
      "type": "Display",
      "config": {
        "name": "Display",
        "description": "Display the response to the user",
        "type": "text",
        "text": "$input.content"
      }
    }
  ],
  "type": "Conversational",
  "version": "latest"
}