{
  "_id": "4de2e7c4-5d6d-46cc-9e43-62d12d9b3756",
  "aiPersonaId": "00745490-0e33-4a82-9021-6224f4fc73ad",
  "integrationId": "ma-news-alerts-8824-primary-workflow-for-news-alerts",
  "isMiniAgentPrimaryWorkflow": true,
  "name": "Primary Workflow for News Alerts",
  "publisherAccountId": "6194bd0b-3bd7-4183-b6e6-d962e1e25c0f",
  "startTaskId": "3b240ca4-f992-4fd7-9532-b90a0b186591",
  "status": "Active",
  "tasks": [
    {
      "_id": "3b240ca4-f992-4fd7-9532-b90a0b186591",
      "type": "PassThrough",
      "config": {
        "name": "Pass Through",
        "description": "Pass through the input to the output"
      },
      "transitions": [
        {
          "_id": "3410f443-bc6a-4c33-bb7a-8529176e62b3-3b240ca4-f992-4fd7-9532-b90a0b186591",
          "nextTask": "3410f443-bc6a-4c33-bb7a-8529176e62b3",
          "name": "If query doesnt exists",
          "rules": [
            {
              "type": "any",
              "operator": "notExists",
              "path": "$output.query"
            }
          ]
        },
        {
          "_id": "692871ed-d6ff-4e39-b9e1-eb7f355bd2f2-3b240ca4-f992-4fd7-9532-b90a0b186591",
          "nextTask": "692871ed-d6ff-4e39-b9e1-eb7f355bd2f2",
          "name": "If intents are already classified",
          "rules": [
            {
              "type": "any",
              "operator": "exists",
              "path": "$output.intents"
            },
            {
              "type": "any",
              "operator": "exists",
              "path": "$output.query"
            }
          ]
        },
        {
          "_id": "3b240ca4-f992-4fd7-9532-b90a0b186591-12a89215-45f6-4bba-811f-4cb0e0607386",
          "name": "If query exists",
          "nextTask": "12a89215-45f6-4bba-811f-4cb0e0607386",
          "rules": [
            {
              "type": "any",
              "operator": "exists",
              "path": "$output.query"
            },
            {
              "type": "any",
              "operator": "notExists",
              "path": "$output.intents"
            }
          ]
        }
      ],
      "globalVariables": [
        {
          "name": "query",
          "referencePath": "$input.query"
        },
        {
          "name": "rawQuery",
          "referencePath": "$input.rawQuery"
        },
        {
          "name": "conversationId",
          "referencePath": "$input.conversationId"
        }
      ]
    },
    {
      "_id": "3410f443-bc6a-4c33-bb7a-8529176e62b3",
      "type": "Input",
      "config": {
        "name": "User Input",
        "description": "Get user input",
        "type": "string"
      },
      "transitions": [
        {
          "_id": "3410f443-bc6a-4c33-bb7a-8529176e62b3-12a89215-45f6-4bba-811f-4cb0e0607386",
          "name": "Default",
          "nextTask": "12a89215-45f6-4bba-811f-4cb0e0607386"
        }
      ],
      "globalVariables": [
        {
          "name": "query",
          "referencePath": "$output.userInput"
        },
        {
          "name": "rawQuery",
          "referencePath": "$output.userInput"
        },
        {
          "name": "selfLoopMiniAgent",
          "referencePath": "true"
        }
      ]
    },
    {
      "_id": "12a89215-45f6-4bba-811f-4cb0e0607386",
      "type": "Loader",
      "config": {
        "name": "Loader",
        "description": "Display loader message",
        "type": "loader",
        "text": "Just a moment... identifying the best approach to assist you."
      },
      "transitions": [
        {
          "_id": "12a89215-45f6-4bba-811f-4cb0e0607386-8cb63672-107a-48cf-ab17-01765ad223df",
          "name": "Default",
          "nextTask": "8cb63672-107a-48cf-ab17-01765ad223df"
        }
      ]
    },
    {
      "_id": "8cb63672-107a-48cf-ab17-01765ad223df",
      "type": "IntentClassification",
      "config": {
        "name": "Intent Classification",
        "description": "Classify the intent of the user message",
        "modelId": "4cf651d9-edf3-455f-a22e-53cc67fcc07b",
        "intents": [
          {
            "name": "Industry News Updates",
            "description": "Provides updates on industry trends and competitor activities to help startups stay informed.",
            "examples": [
              "What are the latest trends in our industry?",
              "Can you provide news updates about our competitors?",
              "What recent developments should we be aware of?"
            ]
          }
        ],
        "query": "$agent.query"
      },
      "transitions": [
        {
          "_id": "8cb63672-107a-48cf-ab17-01765ad223df-692871ed-d6ff-4e39-b9e1-eb7f355bd2f2",
          "name": "If Intent is Matched",
          "rules": [
            {
              "type": "string",
              "operator": "equal",
              "path": "$output.intentMatched",
              "value": "true"
            }
          ],
          "nextTask": "692871ed-d6ff-4e39-b9e1-eb7f355bd2f2"
        },
        {
          "_id": "8cb63672-107a-48cf-ab17-01765ad223df-e875a18c-eff0-49f0-9882-0c265b17db78",
          "name": "If No Intent is Matched",
          "rules": [
            {
              "type": "string",
              "operator": "equal",
              "path": "$output.intentMatched",
              "value": "false"
            }
          ],
          "nextTask": "e875a18c-eff0-49f0-9882-0c265b17db78"
        }
      ]
    },
    {
      "_id": "692871ed-d6ff-4e39-b9e1-eb7f355bd2f2",
      "type": "JSFunction",
      "config": {
        "name": "JS Function",
        "description": "Execute JS function",
        "code": "\nconst main = () => {\n    const currentExecutionId = _id;\n    const intents = agent?.icIntents?.[currentExecutionId] || input.intents;\n    const currentIndex = agent?.icLoopIndexes?.[currentExecutionId] || 0;\n    const currentIntent = intents[currentIndex] || {};\n    const { intent, task } = currentIntent;\n    const state = currentIndex === intents.length ? 'end' : 'continue'\n    const icLoopIndexes = { ...(agent?.icLoopIndexes || {}), [_id]: state === 'end' ? undefined : currentIndex + 1 };\n    const icIntents = { ...(agent?.icIntents || {}), [_id]: state === 'end' ? undefined : intents };\n    return { ...input, intent, state: currentIndex === intents.length ? 'end' : 'continue', icLoopIndexes, icIntents, query: task };\n};\n\nmain()\n"
      },
      "globalVariables": [
        {
          "referencePath": "$output.icLoopIndexes",
          "name": "icLoopIndexes"
        },
        {
          "referencePath": "$output.icIntents",
          "name": "icIntents"
        }
      ],
      "transitions": [
        {
          "_id": "692871ed-d6ff-4e39-b9e1-eb7f355bd2f2-123c3403-409a-4fb9-ad2a-2ff4c8ef8e0c",
          "name": "If Intent is Matched",
          "rules": [
            {
              "type": "string",
              "operator": "equal",
              "path": "$output.intent",
              "value": "Industry News Updates"
            }
          ],
          "nextTask": "123c3403-409a-4fb9-ad2a-2ff4c8ef8e0c"
        },
        {
          "_id": "692871ed-d6ff-4e39-b9e1-eb7f355bd2f2-3410f443-bc6a-4c33-bb7a-8529176e62b3",
          "name": "If Self Loop",
          "rules": [
            {
              "type": "string",
              "operator": "equal",
              "path": "$agent.selfLoopMiniAgent",
              "value": "true"
            },
            {
              "type": "string",
              "operator": "equal",
              "path": "$output.state",
              "value": "end"
            }
          ],
          "nextTask": "3410f443-bc6a-4c33-bb7a-8529176e62b3"
        }
      ]
    },
    {
      "_id": "123c3403-409a-4fb9-ad2a-2ff4c8ef8e0c",
      "type": "Workflow",
      "config": {
        "name": "Intent - Industry News Updates",
        "description": "Workflow for intent - Industry News Updates",
        "workflowId": "752573a3-db61-4dff-ac57-1b1376b88eb1"
      },
      "transitions": [
        {
          "_id": "123c3403-409a-4fb9-ad2a-2ff4c8ef8e0c-692871ed-d6ff-4e39-b9e1-eb7f355bd2f2",
          "name": "Mini agent execution completed",
          "nextTask": "692871ed-d6ff-4e39-b9e1-eb7f355bd2f2"
        }
      ]
    },
    {
      "_id": "e875a18c-eff0-49f0-9882-0c265b17db78",
      "transitions": [
        {
          "_id": "e875a18c-eff0-49f0-9882-0c265b17db78-3410f443-bc6a-4c33-bb7a-8529176e62b3",
          "name": "If Self Loop",
          "rules": [
            {
              "type": "string",
              "operator": "equal",
              "path": "$agent.selfLoopMiniAgent",
              "value": "true"
            }
          ],
          "nextTask": "3410f443-bc6a-4c33-bb7a-8529176e62b3"
        }
      ],
      "type": "Output",
      "config": {
        "name": "Output",
        "description": "Output the response to the user",
        "type": "external",
        "text": "Unable to complete task $agent.query"
      }
    },
    {
      "_id": "4fe2eae3-a577-4f62-b41d-1cdd3f696c31",
      "transitions": [
        {
          "_id": "4fe2eae3-a577-4f62-b41d-1cdd3f696c31-3410f443-bc6a-4c33-bb7a-8529176e62b3",
          "name": "If Self Loop",
          "rules": [
            {
              "type": "string",
              "operator": "equal",
              "path": "$agent.selfLoopMiniAgent",
              "value": "true"
            }
          ],
          "nextTask": "3410f443-bc6a-4c33-bb7a-8529176e62b3"
        }
      ],
      "type": "Display",
      "config": {
        "name": "Display",
        "description": "Display the response to the user",
        "type": "text",
        "text": "$input.content"
      }
    }
  ],
  "type": "Conversational",
  "version": "latest"
}