{
  "_id": "e8258f67-3bc7-4d12-a560-1dfc71604b00",
  "aiPersonaId": "00745490-0e33-4a82-9021-6224f4fc73ad",
  "integrationId": "ma-stock-and-invenstory-advisor-7238-primary-workflow-for-stock-and-invenstory-advisor",
  "isMiniAgentPrimaryWorkflow": true,
  "name": "Primary Workflow for Stock and Invenstory Advisor",
  "publisherAccountId": "6194bd0b-3bd7-4183-b6e6-d962e1e25c0f",
  "startTaskId": "4e692247-6b8a-4d61-8ac5-27da8f875ac1",
  "status": "Active",
  "tasks": [
    {
      "_id": "4e692247-6b8a-4d61-8ac5-27da8f875ac1",
      "type": "PassThrough",
      "config": {
        "name": "Pass Through",
        "description": "Pass through the input to the output"
      },
      "transitions": [
        {
          "_id": "e9359bd8-09c0-4a23-bdfd-077ee1b16daf-4e692247-6b8a-4d61-8ac5-27da8f875ac1",
          "nextTask": "e9359bd8-09c0-4a23-bdfd-077ee1b16daf",
          "name": "If query doesnt exists",
          "rules": [
            {
              "type": "any",
              "operator": "notExists",
              "path": "$output.query"
            }
          ]
        },
        {
          "_id": "e5f16848-d62d-4840-9443-b783c569548c-4e692247-6b8a-4d61-8ac5-27da8f875ac1",
          "nextTask": "e5f16848-d62d-4840-9443-b783c569548c",
          "name": "If intents are already classified",
          "rules": [
            {
              "type": "any",
              "operator": "exists",
              "path": "$output.intents"
            },
            {
              "type": "any",
              "operator": "exists",
              "path": "$output.query"
            }
          ]
        },
        {
          "_id": "4e692247-6b8a-4d61-8ac5-27da8f875ac1-2b84fb7f-3f67-4f71-9ffa-14af8cd9148a",
          "name": "If query exists",
          "nextTask": "2b84fb7f-3f67-4f71-9ffa-14af8cd9148a",
          "rules": [
            {
              "type": "any",
              "operator": "exists",
              "path": "$output.query"
            },
            {
              "type": "any",
              "operator": "notExists",
              "path": "$output.intents"
            }
          ]
        }
      ],
      "globalVariables": [
        {
          "name": "query",
          "referencePath": "$input.query"
        },
        {
          "name": "rawQuery",
          "referencePath": "$input.rawQuery"
        },
        {
          "name": "conversationId",
          "referencePath": "$input.conversationId"
        }
      ]
    },
    {
      "_id": "e9359bd8-09c0-4a23-bdfd-077ee1b16daf",
      "type": "Input",
      "config": {
        "name": "User Input",
        "description": "Get user input",
        "type": "string"
      },
      "transitions": [
        {
          "_id": "e9359bd8-09c0-4a23-bdfd-077ee1b16daf-2b84fb7f-3f67-4f71-9ffa-14af8cd9148a",
          "name": "Default",
          "nextTask": "2b84fb7f-3f67-4f71-9ffa-14af8cd9148a"
        }
      ],
      "globalVariables": [
        {
          "name": "query",
          "referencePath": "$output.userInput"
        },
        {
          "name": "rawQuery",
          "referencePath": "$output.userInput"
        },
        {
          "name": "selfLoopMiniAgent",
          "referencePath": "true"
        }
      ]
    },
    {
      "_id": "2b84fb7f-3f67-4f71-9ffa-14af8cd9148a",
      "type": "Loader",
      "config": {
        "name": "Loader",
        "description": "Display loader message",
        "type": "loader",
        "text": "Just a moment... identifying the best approach to assist you."
      },
      "transitions": [
        {
          "_id": "2b84fb7f-3f67-4f71-9ffa-14af8cd9148a-68ccae45-ae23-4151-a61f-660808d48afa",
          "name": "Default",
          "nextTask": "68ccae45-ae23-4151-a61f-660808d48afa"
        }
      ]
    },
    {
      "_id": "68ccae45-ae23-4151-a61f-660808d48afa",
      "type": "IntentClassification",
      "config": {
        "name": "Intent Classification",
        "description": "Classify the intent of the user message",
        "modelId": "56feb720-adb7-464a-8e6b-fd79a510ba5b",
        "intents": [
          {
            "name": "loan_and_inventory_advice",
            "description": "This intent is triggered when the user seeks financial advice related to business loans, inventory management, or stock financing. It focuses on analyzing the user's financial data and providing tailored loan recommendations, risk warnings, and stock optimization suggestions. The intent helps users make informed decisions on whether to take a loan, which loan to choose, and how it will impact their cash flow and inventory cycle.",
            "examples": [
              ""
            ]
          }
        ],
        "query": "$agent.query"
      },
      "transitions": [
        {
          "_id": "68ccae45-ae23-4151-a61f-660808d48afa-e5f16848-d62d-4840-9443-b783c569548c",
          "name": "If Intent is Matched",
          "rules": [
            {
              "type": "string",
              "operator": "equal",
              "path": "$output.intentMatched",
              "value": "true"
            }
          ],
          "nextTask": "e5f16848-d62d-4840-9443-b783c569548c"
        },
        {
          "_id": "68ccae45-ae23-4151-a61f-660808d48afa-ccebaa62-3767-4beb-9cc8-19c0b4f030f2",
          "name": "If No Intent is Matched",
          "rules": [
            {
              "type": "string",
              "operator": "equal",
              "path": "$output.intentMatched",
              "value": "false"
            }
          ],
          "nextTask": "ccebaa62-3767-4beb-9cc8-19c0b4f030f2"
        }
      ]
    },
    {
      "_id": "e5f16848-d62d-4840-9443-b783c569548c",
      "type": "JSFunction",
      "config": {
        "name": "JS Function",
        "description": "Execute JS function",
        "code": "\nconst main = () => {\n    const currentExecutionId = _id;\n    const intents = agent?.icIntents?.[currentExecutionId] || input.intents;\n    const currentIndex = agent?.icLoopIndexes?.[currentExecutionId] || 0;\n    const currentIntent = intents[currentIndex] || {};\n    const { intent, task } = currentIntent;\n    const state = currentIndex === intents.length ? 'end' : 'continue'\n    const icLoopIndexes = { ...(agent?.icLoopIndexes || {}), [_id]: state === 'end' ? undefined : currentIndex + 1 };\n    const icIntents = { ...(agent?.icIntents || {}), [_id]: state === 'end' ? undefined : intents };\n    return { ...input, intent, state: currentIndex === intents.length ? 'end' : 'continue', icLoopIndexes, icIntents, query: task };\n};\n\nmain()\n"
      },
      "globalVariables": [
        {
          "referencePath": "$output.icLoopIndexes",
          "name": "icLoopIndexes"
        },
        {
          "referencePath": "$output.icIntents",
          "name": "icIntents"
        }
      ],
      "transitions": [
        {
          "_id": "e5f16848-d62d-4840-9443-b783c569548c-b8cf004f-8cd6-4d31-8141-2225c306a009",
          "name": "If Intent is Matched",
          "rules": [
            {
              "type": "string",
              "operator": "equal",
              "path": "$output.intent",
              "value": "loan_and_inventory_advice"
            }
          ],
          "nextTask": "b8cf004f-8cd6-4d31-8141-2225c306a009"
        },
        {
          "_id": "e5f16848-d62d-4840-9443-b783c569548c-e9359bd8-09c0-4a23-bdfd-077ee1b16daf",
          "name": "If Self Loop",
          "rules": [
            {
              "type": "string",
              "operator": "equal",
              "path": "$agent.selfLoopMiniAgent",
              "value": "true"
            },
            {
              "type": "string",
              "operator": "equal",
              "path": "$output.state",
              "value": "end"
            }
          ],
          "nextTask": "e9359bd8-09c0-4a23-bdfd-077ee1b16daf"
        }
      ]
    },
    {
      "_id": "b8cf004f-8cd6-4d31-8141-2225c306a009",
      "type": "Workflow",
      "config": {
        "name": "Intent - loan_and_inventory_advice",
        "description": "Workflow for intent - loan_and_inventory_advice",
        "workflowId": "6a538e76-9762-4c9f-9640-3a03581099a1"
      },
      "transitions": [
        {
          "_id": "b8cf004f-8cd6-4d31-8141-2225c306a009-e5f16848-d62d-4840-9443-b783c569548c",
          "name": "Mini agent execution completed",
          "nextTask": "e5f16848-d62d-4840-9443-b783c569548c"
        }
      ]
    },
    {
      "_id": "ccebaa62-3767-4beb-9cc8-19c0b4f030f2",
      "transitions": [
        {
          "_id": "ccebaa62-3767-4beb-9cc8-19c0b4f030f2-e9359bd8-09c0-4a23-bdfd-077ee1b16daf",
          "name": "If Self Loop",
          "rules": [
            {
              "type": "string",
              "operator": "equal",
              "path": "$agent.selfLoopMiniAgent",
              "value": "true"
            }
          ],
          "nextTask": "e9359bd8-09c0-4a23-bdfd-077ee1b16daf"
        }
      ],
      "type": "Output",
      "config": {
        "name": "Output",
        "description": "Output the response to the user",
        "type": "external",
        "text": "Unable to complete task $agent.query"
      }
    },
    {
      "_id": "ece4bc0d-a152-40af-b9e0-56cc9441fcd7",
      "transitions": [
        {
          "_id": "ece4bc0d-a152-40af-b9e0-56cc9441fcd7-e9359bd8-09c0-4a23-bdfd-077ee1b16daf",
          "name": "If Self Loop",
          "rules": [
            {
              "type": "string",
              "operator": "equal",
              "path": "$agent.selfLoopMiniAgent",
              "value": "true"
            }
          ],
          "nextTask": "e9359bd8-09c0-4a23-bdfd-077ee1b16daf"
        }
      ],
      "type": "Display",
      "config": {
        "name": "Display",
        "description": "Display the response to the user",
        "type": "text",
        "text": "$input.content"
      }
    }
  ],
  "type": "Conversational",
  "version": "latest"
}