{
  "_id": "95149b0f-e045-4d52-8920-c3413539f948",
  "aiPersonaId": "00745490-0e33-4a82-9021-6224f4fc73ad",
  "integrationId": "startup-comparative-analysis-1790",
  "name": "Workflow for Startup Comparative Analysis",
  "publisherAccountId": "6194bd0b-3bd7-4183-b6e6-d962e1e25c0f",
  "startTaskId": "32065196-573f-4a92-8c02-baaadf4452bf",
  "status": "Active",
  "tasks": [
    {
      "_id": "32065196-573f-4a92-8c02-baaadf4452bf",
      "transitions": [],
      "type": "Display",
      "config": {
        "name": "Display",
        "description": "Display the response to the user",
        "type": "text",
        "text": "Hi there! Intent $input.intent has been matched"
      }
    }
  ],
  "type": "Conversational",
  "version": "latest",
  "reactflow": {
    "viewport": {
      "x": 5.628251484466659,
      "y": 3.616183418348271,
      "zoom": 1.0000000000000002
    },
    "nodes": [
      {
        "id": "0",
        "type": "Start",
        "position": {
          "x": 360,
          "y": 400
        },
        "data": {},
        "deletable": false,
        "measured": {
          "width": 310,
          "height": 136
        },
        "selected": false
      },
      {
        "position": {
          "x": 840,
          "y": 400
        },
        "type": "Display",
        "id": "32065196-573f-4a92-8c02-baaadf4452bf",
        "data": {},
        "measured": {
          "width": 298,
          "height": 78
        },
        "selected": false
      }
    ],
    "edges": [
      {
        "id": "0-0",
        "type": "Start",
        "source": "0",
        "target": "32065196-573f-4a92-8c02-baaadf4452bf",
        "sourceHandle": "0-source-1",
        "selected": false
      }
    ]
  }
}