{
  "_id": "a4e17fc0-2cb6-47e8-9672-c6c62458b37e",
  "aiPersonaId": "00745490-0e33-4a82-9021-6224f4fc73ad",
  "integrationId": "stock-and-inventory-optimization-4222",
  "name": "Workflow for Stock and Inventory Optimization",
  "publisherAccountId": "6194bd0b-3bd7-4183-b6e6-d962e1e25c0f",
  "startTaskId": "7aa992d5-d33a-4de6-8a30-eff5eed32929",
  "status": "Active",
  "tasks": [
    {
      "_id": "7aa992d5-d33a-4de6-8a30-eff5eed32929",
      "transitions": [],
      "type": "Display",
      "config": {
        "name": "Display",
        "description": "Display the response to the user",
        "type": "text",
        "text": "Hi there! Intent $input.intent has been matched"
      }
    }
  ],
  "type": "Conversational",
  "version": "latest"
}