{
  "_id": "7239ae63-aa29-4b54-bae7-35f43daa4839",
  "aiPersonaId": "4313a07a-fa9d-4c79-bf85-69ad5a4bd566",
  "integrationId": "analyze-financial-health-4972",
  "name": "Workflow for Analyze Financial Health",
  "publisherAccountId": "6194bd0b-3bd7-4183-b6e6-d962e1e25c0f",
  "startTaskId": "8e1cc786-ae51-4ec4-946f-20c18ad50d39",
  "status": "Active",
  "tasks": [
    {
      "_id": "8e1cc786-ae51-4ec4-946f-20c18ad50d39",
      "transitions": [],
      "type": "Display",
      "config": {
        "name": "Display",
        "description": "Display the response to the user",
        "type": "text",
        "text": "Hi there! Intent $input.intent has been matched"
      }
    }
  ],
  "type": "Conversational",
  "version": "latest"
}