{
  "_id": "03545ca7-926b-4101-b800-29bf409dbc54",
  "aiPersonaId": "4313a07a-fa9d-4c79-bf85-69ad5a4bd566",
  "integrationId": "awefaw-0603",
  "name": "Workflow for awefaw",
  "publisherAccountId": "6194bd0b-3bd7-4183-b6e6-d962e1e25c0f",
  "startTaskId": "347a01d6-8f79-46dd-a006-863375ac17a1",
  "status": "Active",
  "tasks": [
    {
      "_id": "347a01d6-8f79-46dd-a006-863375ac17a1",
      "transitions": [],
      "type": "Display",
      "config": {
        "name": "Display",
        "description": "Display the response to the user",
        "type": "text",
        "text": "Hi there! Intent $input.intent has been matched"
      }
    }
  ],
  "type": "Conversational",
  "version": "latest"
}