{
  "_id": "b2906684-32c1-49b1-aead-f8c8adc94c56",
  "aiPersonaId": "4313a07a-fa9d-4c79-bf85-69ad5a4bd566",
  "integrationId": "ma-document-upload-and-analysis-4394-primary-workflow-for-document-upload-and-analysis",
  "isMiniAgentPrimaryWorkflow": true,
  "name": "Primary Workflow for Document Upload and Analysis",
  "publisherAccountId": "6194bd0b-3bd7-4183-b6e6-d962e1e25c0f",
  "startTaskId": "96229fcd-4297-4a11-9cf7-b0225291b158",
  "status": "Active",
  "tasks": [
    {
      "_id": "96229fcd-4297-4a11-9cf7-b0225291b158",
      "type": "PassThrough",
      "config": {
        "name": "Pass Through",
        "description": "Pass through the input to the output"
      },
      "transitions": [
        {
          "_id": "006c956b-dc38-4bfb-bdb1-4ddea14e2911-96229fcd-4297-4a11-9cf7-b0225291b158",
          "nextTask": "006c956b-dc38-4bfb-bdb1-4ddea14e2911",
          "name": "If query doesnt exists",
          "rules": [
            {
              "type": "any",
              "operator": "notExists",
              "path": "$output.query"
            }
          ]
        },
        {
          "_id": "d469c4e6-8a51-4555-bfdf-3f91662c2f32-96229fcd-4297-4a11-9cf7-b0225291b158",
          "nextTask": "d469c4e6-8a51-4555-bfdf-3f91662c2f32",
          "name": "If intents are already classified",
          "rules": [
            {
              "type": "any",
              "operator": "exists",
              "path": "$output.intents"
            },
            {
              "type": "any",
              "operator": "exists",
              "path": "$output.query"
            }
          ]
        },
        {
          "_id": "96229fcd-4297-4a11-9cf7-b0225291b158-780cfd5f-c054-49c0-b887-797871d8d045",
          "name": "If query exists",
          "nextTask": "780cfd5f-c054-49c0-b887-797871d8d045",
          "rules": [
            {
              "type": "any",
              "operator": "exists",
              "path": "$output.query"
            },
            {
              "type": "any",
              "operator": "notExists",
              "path": "$output.intents"
            }
          ]
        }
      ],
      "globalVariables": [
        {
          "name": "query",
          "referencePath": "$input.query"
        },
        {
          "name": "rawQuery",
          "referencePath": "$input.rawQuery"
        },
        {
          "name": "conversationId",
          "referencePath": "$input.conversationId"
        }
      ]
    },
    {
      "_id": "006c956b-dc38-4bfb-bdb1-4ddea14e2911",
      "type": "Input",
      "config": {
        "name": "User Input",
        "description": "Get user input",
        "type": "string"
      },
      "transitions": [
        {
          "_id": "006c956b-dc38-4bfb-bdb1-4ddea14e2911-780cfd5f-c054-49c0-b887-797871d8d045",
          "name": "Default",
          "nextTask": "780cfd5f-c054-49c0-b887-797871d8d045"
        }
      ],
      "globalVariables": [
        {
          "name": "query",
          "referencePath": "$output.userInput"
        },
        {
          "name": "rawQuery",
          "referencePath": "$output.userInput"
        },
        {
          "name": "selfLoopMiniAgent",
          "referencePath": "true"
        }
      ]
    },
    {
      "_id": "780cfd5f-c054-49c0-b887-797871d8d045",
      "type": "Loader",
      "config": {
        "name": "Loader",
        "description": "Display loader message",
        "type": "loader",
        "text": "Just a moment... identifying the best approach to assist you."
      },
      "transitions": [
        {
          "_id": "780cfd5f-c054-49c0-b887-797871d8d045-edfae242-8fad-4702-a836-0fa60d2133b7",
          "name": "Default",
          "nextTask": "edfae242-8fad-4702-a836-0fa60d2133b7"
        }
      ]
    },
    {
      "_id": "edfae242-8fad-4702-a836-0fa60d2133b7",
      "type": "IntentClassification",
      "config": {
        "name": "Intent Classification",
        "description": "Classify the intent of the user message",
        "modelId": "4cf651d9-edf3-455f-a22e-53cc67fcc07b",
        "intents": [
          {
            "name": "Upload Income Statement",
            "description": "Allows users to upload an income statement for analysis.",
            "examples": [
              "I want to upload an income statement.",
              "How do I upload my income statement?",
              "Can you help me upload the income statement?"
            ]
          },
          {
            "name": "Upload Cash Flow Statement",
            "description": "Facilitates the uploading of a cash flow statement for analysis.",
            "examples": [
              "I need to upload a cash flow statement.",
              "Where can I upload my cash flow statement?",
              "Help me upload the cash flow statement."
            ]
          },
          {
            "name": "Upload Balance Sheet",
            "description": "Enables users to upload a balance sheet for analysis.",
            "examples": [
              "I want to upload a balance sheet.",
              "Can you assist me in uploading the balance sheet?",
              "How do I upload my balance sheet?"
            ]
          },
          {
            "name": "Analyze Financial Health",
            "description": "Analyzes the uploaded financial documents to determine the financial health of a startup.",
            "examples": [
              "Analyze the financial health of my startup.",
              "Is my startup doing well financially?",
              "Can you provide an analysis based on the uploaded documents?"
            ]
          }
        ],
        "query": "$agent.query"
      },
      "transitions": [
        {
          "_id": "edfae242-8fad-4702-a836-0fa60d2133b7-d469c4e6-8a51-4555-bfdf-3f91662c2f32",
          "name": "If Intent is Matched",
          "rules": [
            {
              "type": "string",
              "operator": "equal",
              "path": "$output.intentMatched",
              "value": "true"
            }
          ],
          "nextTask": "d469c4e6-8a51-4555-bfdf-3f91662c2f32"
        },
        {
          "_id": "edfae242-8fad-4702-a836-0fa60d2133b7-eacd8458-eea0-4eb6-99e8-f487a8a2dfb0",
          "name": "If No Intent is Matched",
          "rules": [
            {
              "type": "string",
              "operator": "equal",
              "path": "$output.intentMatched",
              "value": "false"
            }
          ],
          "nextTask": "eacd8458-eea0-4eb6-99e8-f487a8a2dfb0"
        }
      ]
    },
    {
      "_id": "d469c4e6-8a51-4555-bfdf-3f91662c2f32",
      "type": "JSFunction",
      "config": {
        "name": "JS Function",
        "description": "Execute JS function",
        "code": "\nconst main = () => {\n    const currentExecutionId = _id;\n    const intents = agent?.icIntents?.[currentExecutionId] || input.intents;\n    const currentIndex = agent?.icLoopIndexes?.[currentExecutionId] || 0;\n    const currentIntent = intents[currentIndex] || {};\n    const { intent, task } = currentIntent;\n    const state = currentIndex === intents.length ? 'end' : 'continue'\n    const icLoopIndexes = { ...(agent?.icLoopIndexes || {}), [_id]: state === 'end' ? undefined : currentIndex + 1 };\n    const icIntents = { ...(agent?.icIntents || {}), [_id]: state === 'end' ? undefined : intents };\n    return { ...input, intent, state: currentIndex === intents.length ? 'end' : 'continue', icLoopIndexes, icIntents, query: task };\n};\n\nmain()\n"
      },
      "globalVariables": [
        {
          "referencePath": "$output.icLoopIndexes",
          "name": "icLoopIndexes"
        },
        {
          "referencePath": "$output.icIntents",
          "name": "icIntents"
        }
      ],
      "transitions": [
        {
          "_id": "d469c4e6-8a51-4555-bfdf-3f91662c2f32-dc9fb602-6086-4a94-ae8b-d93ddb6d5cb0",
          "name": "If Intent is Matched",
          "rules": [
            {
              "type": "string",
              "operator": "equal",
              "path": "$output.intent",
              "value": "Upload Income Statement"
            }
          ],
          "nextTask": "dc9fb602-6086-4a94-ae8b-d93ddb6d5cb0"
        },
        {
          "_id": "d469c4e6-8a51-4555-bfdf-3f91662c2f32-a31f7af5-8ede-4a46-ab9a-a284de3f2916",
          "name": "If Intent is Matched",
          "rules": [
            {
              "type": "string",
              "operator": "equal",
              "path": "$output.intent",
              "value": "Upload Cash Flow Statement"
            }
          ],
          "nextTask": "a31f7af5-8ede-4a46-ab9a-a284de3f2916"
        },
        {
          "_id": "d469c4e6-8a51-4555-bfdf-3f91662c2f32-6891b06d-3a1f-4097-8e88-9092c5ff1645",
          "name": "If Intent is Matched",
          "rules": [
            {
              "type": "string",
              "operator": "equal",
              "path": "$output.intent",
              "value": "Upload Balance Sheet"
            }
          ],
          "nextTask": "6891b06d-3a1f-4097-8e88-9092c5ff1645"
        },
        {
          "_id": "d469c4e6-8a51-4555-bfdf-3f91662c2f32-5d9a3480-e230-4449-befb-e4f0ddfb4917",
          "name": "If Intent is Matched",
          "rules": [
            {
              "type": "string",
              "operator": "equal",
              "path": "$output.intent",
              "value": "Analyze Financial Health"
            }
          ],
          "nextTask": "5d9a3480-e230-4449-befb-e4f0ddfb4917"
        },
        {
          "_id": "d469c4e6-8a51-4555-bfdf-3f91662c2f32-006c956b-dc38-4bfb-bdb1-4ddea14e2911",
          "name": "If Self Loop",
          "rules": [
            {
              "type": "string",
              "operator": "equal",
              "path": "$agent.selfLoopMiniAgent",
              "value": "true"
            },
            {
              "type": "string",
              "operator": "equal",
              "path": "$output.state",
              "value": "end"
            }
          ],
          "nextTask": "006c956b-dc38-4bfb-bdb1-4ddea14e2911"
        }
      ]
    },
    {
      "_id": "dc9fb602-6086-4a94-ae8b-d93ddb6d5cb0",
      "type": "Workflow",
      "config": {
        "name": "Intent - Upload Income Statement",
        "description": "Workflow for intent - Upload Income Statement",
        "workflowId": "f3c9e62b-d252-4f67-bbef-ea920a9b8ad2"
      },
      "transitions": [
        {
          "_id": "dc9fb602-6086-4a94-ae8b-d93ddb6d5cb0-d469c4e6-8a51-4555-bfdf-3f91662c2f32",
          "name": "Mini agent execution completed",
          "nextTask": "d469c4e6-8a51-4555-bfdf-3f91662c2f32"
        }
      ]
    },
    {
      "_id": "a31f7af5-8ede-4a46-ab9a-a284de3f2916",
      "type": "Workflow",
      "config": {
        "name": "Intent - Upload Cash Flow Statement",
        "description": "Workflow for intent - Upload Cash Flow Statement",
        "workflowId": "ea33becf-0920-4719-a6ae-36ea8e73bf07"
      },
      "transitions": [
        {
          "_id": "a31f7af5-8ede-4a46-ab9a-a284de3f2916-d469c4e6-8a51-4555-bfdf-3f91662c2f32",
          "name": "Mini agent execution completed",
          "nextTask": "d469c4e6-8a51-4555-bfdf-3f91662c2f32"
        }
      ]
    },
    {
      "_id": "6891b06d-3a1f-4097-8e88-9092c5ff1645",
      "type": "Workflow",
      "config": {
        "name": "Intent - Upload Balance Sheet",
        "description": "Workflow for intent - Upload Balance Sheet",
        "workflowId": "217ecc2f-3f8e-4976-b47d-d49cc76b8844"
      },
      "transitions": [
        {
          "_id": "6891b06d-3a1f-4097-8e88-9092c5ff1645-d469c4e6-8a51-4555-bfdf-3f91662c2f32",
          "name": "Mini agent execution completed",
          "nextTask": "d469c4e6-8a51-4555-bfdf-3f91662c2f32"
        }
      ]
    },
    {
      "_id": "5d9a3480-e230-4449-befb-e4f0ddfb4917",
      "type": "Workflow",
      "config": {
        "name": "Intent - Analyze Financial Health",
        "description": "Workflow for intent - Analyze Financial Health",
        "workflowId": "7239ae63-aa29-4b54-bae7-35f43daa4839"
      },
      "transitions": [
        {
          "_id": "5d9a3480-e230-4449-befb-e4f0ddfb4917-d469c4e6-8a51-4555-bfdf-3f91662c2f32",
          "name": "Mini agent execution completed",
          "nextTask": "d469c4e6-8a51-4555-bfdf-3f91662c2f32"
        }
      ]
    },
    {
      "_id": "eacd8458-eea0-4eb6-99e8-f487a8a2dfb0",
      "transitions": [
        {
          "_id": "eacd8458-eea0-4eb6-99e8-f487a8a2dfb0-006c956b-dc38-4bfb-bdb1-4ddea14e2911",
          "name": "If Self Loop",
          "rules": [
            {
              "type": "string",
              "operator": "equal",
              "path": "$agent.selfLoopMiniAgent",
              "value": "true"
            }
          ],
          "nextTask": "006c956b-dc38-4bfb-bdb1-4ddea14e2911"
        }
      ],
      "type": "Output",
      "config": {
        "name": "Output",
        "description": "Output the response to the user",
        "type": "external",
        "text": "Unable to complete task $agent.query"
      }
    },
    {
      "_id": "ea2fbad0-77ff-45de-aeaa-de1f30b93c61",
      "transitions": [
        {
          "_id": "ea2fbad0-77ff-45de-aeaa-de1f30b93c61-006c956b-dc38-4bfb-bdb1-4ddea14e2911",
          "name": "If Self Loop",
          "rules": [
            {
              "type": "string",
              "operator": "equal",
              "path": "$agent.selfLoopMiniAgent",
              "value": "true"
            }
          ],
          "nextTask": "006c956b-dc38-4bfb-bdb1-4ddea14e2911"
        }
      ],
      "type": "Display",
      "config": {
        "name": "Display",
        "description": "Display the response to the user",
        "type": "text",
        "text": "$input.content"
      }
    }
  ],
  "type": "Conversational",
  "version": "latest"
}