{
  "_id": "bd87d092-a4ac-4d1b-a183-c89443875b65",
  "aiPersonaId": "4313a07a-fa9d-4c79-bf85-69ad5a4bd566",
  "integrationId": "upload-balance-sheet-4972",
  "name": "Workflow for Upload Balance Sheet",
  "publisherAccountId": "6194bd0b-3bd7-4183-b6e6-d962e1e25c0f",
  "startTaskId": "b92eb828-0ebe-4571-9b2e-24f499c2adae",
  "status": "Active",
  "tasks": [
    {
      "_id": "b92eb828-0ebe-4571-9b2e-24f499c2adae",
      "transitions": [],
      "type": "Display",
      "config": {
        "name": "Display",
        "description": "Display the response to the user",
        "type": "text",
        "text": "Hi there! Intent $input.intent has been matched"
      }
    }
  ],
  "type": "Conversational",
  "version": "latest"
}