{
  "_id": "488a376c-7f2a-44d1-84f6-893c3e7a9b57",
  "inferenceEngine": {
    "modelId": "4cf651d9-edf3-455f-a22e-53cc67fcc07b"
  },
  "integrationId": "startup-financial-advisor-0926",
  "integrations": {},
  "intentClassification": {
    "modelId": "4cf651d9-edf3-455f-a22e-53cc67fcc07b"
  },
  "name": "Startup Financial Advisor",
  "publisherAccountId": "1b57188b-7473-4cb9-92ec-238389ea212e",
  "status": "Active",
  "useAsChatbot": true,
  "variables": {
    "secrets": [],
    "agent": [
      "IncStat",
      "BalSheet",
      "Cash_Flow"
    ]
  },
  "rags": [],
  "miniAgentIds": [
    "1772de24-048e-48e5-91d7-f242ffff2aa6",
    "43c26e7f-66d6-4d65-b989-13e31e2886fc",
    "b773c122-3deb-4cd0-a7c5-bb7de0315c5b",
    "7edd1f1e-e01d-448f-a62b-0213557122f1",
    "6d505e97-2c17-4cba-a57c-130c33288997"
  ],
  "miniAgents": [
    {
      "_id": "6d505e97-2c17-4cba-a57c-130c33288997",
      "integrationId": "stock-and-invenstory-advisor-7238",
      "name": "Stock and Invenstory Advisor",
      "scope": "This sub-agent is responsible for providing intelligent financial advice related to inventory management and loan options for fintech startups and small businesses. It will focus on analyzing the business's financial health, stock cycles, and repayment capability to recommend the most suitable loan options and inventory strategies.\n\nKey Responsibilities:\n\nAnalyze real-time or dummy loan interest rates from Banks and NBFCs.\n\nEvaluate the user’s business financial data, including:\n\nIncome Statement\n\nCash Flow Statement\n\nBalance Sheet\n\nInventory Turnover Ratio\n\nRecommend optimal loan options based on:\n\nBusiness Type\n\nCredit Score\n\nMonthly Revenue\n\nInventory Cycle\n\nRepayment Ability\n\nGenerate a Loan Comparison Table including key metrics.\n\nProvide insights on how the loan would impact:\n\nCashflow\n\nInventory health\n\nDebt cycle\n\nWarn about financial risks if applicable.\n\nSuggest inventory optimization strategies as an alternative to taking a loan.",
      "intents": [
        {
          "_id": "5b13885c-4412-4ae5-9706-be48b735cf08",
          "name": "loan_and_inventory_advice",
          "description": "This intent is triggered when the user seeks financial advice related to business loans, inventory management, or stock financing. It focuses on analyzing the user's financial data and providing tailored loan recommendations, risk warnings, and stock optimization suggestions. The intent helps users make informed decisions on whether to take a loan, which loan to choose, and how it will impact their cash flow and inventory cycle.",
          "examples": [
            ""
          ],
          "workflowId": "427b10e3-d54f-4747-8607-db8501021a08",
          "flowType": "Workflow"
        }
      ],
      "miniAgentId": "6d505e97-2c17-4cba-a57c-130c33288997"
    },
    {
      "_id": "7edd1f1e-e01d-448f-a62b-0213557122f1",
      "integrationId": "comparative-analysis-for-investors-1254",
      "intents": [
        {
          "_id": "startup-comparative-analysis-1254",
          "name": "Startup Comparative Analysis",
          "description": "Analyzes and compares different startups based on key financial metrics to aid investors in decision-making.",
          "examples": [
            "How do different startups compare in terms of revenue?",
            "Can you provide a comparative analysis of startups based on EBITDA?",
            "What are the operating profits of startups in our portfolio?"
          ],
          "flowType": "Workflow",
          "workflowId": "e1deb4c4-9ba0-47f0-9ae3-1f311a6bfbc1"
        }
      ],
      "name": "Comparative Analysis for Investors",
      "scope": "Conducts comparative analysis between different startups to assist investors in making informed investment decisions based on financial metrics like Revenue, Gross Profit, EBITDA, Operating Profit, and Net Income.",
      "miniAgentId": "7edd1f1e-e01d-448f-a62b-0213557122f1"
    },
    {
      "_id": "b773c122-3deb-4cd0-a7c5-bb7de0315c5b",
      "integrationId": "news-alerts-8824",
      "intents": [
        {
          "_id": "industry-news-updates-8824",
          "name": "Industry News Updates",
          "description": "Provides updates on industry trends and competitor activities to help startups stay informed.",
          "examples": [
            "What are the latest trends in our industry?",
            "Can you provide news updates about our competitors?",
            "What recent developments should we be aware of?"
          ],
          "flowType": "Workflow",
          "workflowId": "100297bf-7153-4f39-a126-3880780c5fae"
        }
      ],
      "name": "News Alerts",
      "scope": "Keeps startups informed about industry trends and competitor activities through news alerts.",
      "miniAgentId": "b773c122-3deb-4cd0-a7c5-bb7de0315c5b"
    },
    {
      "_id": "43c26e7f-66d6-4d65-b989-13e31e2886fc",
      "integrationId": "investor-matching-6457",
      "intents": [
        {
          "_id": "investor-recommendations-6457",
          "name": "Investor Recommendations",
          "description": "Suggests potential investors who are genuinely interested in startups, based on their investment history and habits.",
          "examples": [
            "Who are the potential investors for our startup?",
            "Can you match us with investors interested in our industry?",
            "What investors have a history of investing in startups like ours?"
          ],
          "flowType": "Workflow",
          "workflowId": "de27d2f0-21c9-4147-80b0-97506394ee4c"
        }
      ],
      "name": "Investor Matching",
      "scope": "Provides recommendations for matching startups with potential investors based on investment habits and history.",
      "miniAgentId": "43c26e7f-66d6-4d65-b989-13e31e2886fc"
    },
    {
      "_id": "1772de24-048e-48e5-91d7-f242ffff2aa6",
      "integrationId": "financial-planning-and-analysis-3642",
      "intents": [
        {
          "_id": "growth-strategies-3642",
          "name": "Growth Strategies",
          "description": "Provides recommendations based on widely implemented business strategies and guides startups in budgeting and resource management using AI-based tools.",
          "examples": [
            "What growth strategies should we consider for our startup?",
            "Can you help us with budgeting and resource management?",
            "What are some AI tools for improving our business strategies?"
          ],
          "flowType": "Workflow",
          "workflowId": "eb7441b4-6acd-40af-b0ae-1f68039db752"
        },
        {
          "_id": "loan-credit-analysis-3642",
          "name": "Loan & Credit Analysis",
          "description": "Offers AI-driven loan recommendations, identifying banks or NBFCs with the best interest rates for startups.",
          "examples": [
            "Which bank offers the best loan interest rates for startups?",
            "Can you recommend a loan option for our business?",
            "What are the best NBFCs for startup loans?"
          ],
          "flowType": "Workflow",
          "workflowId": "150b766b-eb6e-45a7-9bfd-ea5cff076a1c"
        },
        {
          "_id": "cash-flow-and-investment-management-3642",
          "name": "Cash Flow and Investment Management",
          "description": "Predicts cash surplus or deficit and suggests investment or cost-cutting strategies, including recommendations for short-term investments like FDs, bonds, and mutual funds.",
          "examples": [
            "How can we manage our cash flow better?",
            "What short-term investments should we consider for surplus funds?",
            "Can you suggest cost-cutting strategies for our startup?"
          ],
          "flowType": "Workflow",
          "workflowId": "8ebe5d0a-738b-4648-805d-9715210bcf3e"
        },
        {
          "_id": "credit-score-and-risk-analysis-3642",
          "name": "Credit Score and Risk Analysis",
          "description": "Fetches and analyzes business credit scores and suggests ways to optimize them.",
          "examples": [
            "What is our current business credit score?",
            "How can we improve our credit score?",
            "Can you analyze our credit risk?"
          ],
          "flowType": "Workflow",
          "workflowId": "ef1c738b-be23-4c86-878c-d80ac2501050"
        }
      ],
      "name": "Financial Planning and Analysis",
      "scope": "Handles all aspects of financial planning for startups, including growth strategies, loan and credit analysis, cash flow and investment management, stock and inventory optimization, and credit score and risk analysis.",
      "miniAgentId": "1772de24-048e-48e5-91d7-f242ffff2aa6"
    }
  ],
  "intentWorkflows": [
    {
      "_id": "100297bf-7153-4f39-a126-3880780c5fae",
      "integrationId": "industry-news-updates-9044",
      "name": "Workflow for Industry News Updates"
    },
    {
      "_id": "150b766b-eb6e-45a7-9bfd-ea5cff076a1c",
      "integrationId": "loan-credit-analysis-4222",
      "name": "Workflow for Loan & Credit Analysis"
    },
    {
      "_id": "427b10e3-d54f-4747-8607-db8501021a08",
      "integrationId": "loan-and-inventory-advice-6900",
      "name": "Workflow for loan_and_inventory_advice"
    },
    {
      "_id": "8ebe5d0a-738b-4648-805d-9715210bcf3e",
      "integrationId": "cash-flow-and-investment-management-4222",
      "name": "Workflow for Cash Flow and Investment Management"
    },
    {
      "_id": "de27d2f0-21c9-4147-80b0-97506394ee4c",
      "integrationId": "investor-recommendations-6660",
      "name": "Workflow for Investor Recommendations"
    },
    {
      "_id": "e1deb4c4-9ba0-47f0-9ae3-1f311a6bfbc1",
      "integrationId": "startup-comparative-analysis-1790",
      "name": "Workflow for Startup Comparative Analysis"
    },
    {
      "_id": "eb7441b4-6acd-40af-b0ae-1f68039db752",
      "integrationId": "growth-strategies-4222",
      "name": "Workflow for Growth Strategies"
    },
    {
      "_id": "ef1c738b-be23-4c86-878c-d80ac2501050",
      "integrationId": "credit-score-and-risk-analysis-4222",
      "name": "Workflow for Credit Score and Risk Analysis"
    }
  ]
}