{"data":[{"_id":"df9bcb78-f726-4c90-80e3-124640faa0f9","content":["10 reasons why startups must attend Startup Mahakumbh and how to register","Startups can unveil their latest innovations, receive feedback, and conduct live demonstrations to investors, industry leaders, and potential customers."],"error":false,"index":0,"tags":["news_article"]},{"_id":"793e31e5-5b4e-4ef0-9b2c-c8d109a99cb0","content":["Merchants stick to Juspay even as payment gateways' ultimatum nears","The PG firms are making exceptions and giving deadline extensions to large merchants as they are not yet ready to sever ties with Juspay"],"error":false,"index":1,"tags":["news_article"]},{"_id":"3bef1924-3950-40d5-9a79-c210c0e0e79f","content":["Chargebee acquires Trainn, a SaaS startup founded by its alumni, as industry consolidates","Trainn is Chargebee’s second acquisition in about a month’s time as the Tiger Global-backed company accelerates its AI efforts. A few weeks ago, Chargebee acquired Inai, a firm that provides software to track and manage payments."],"error":false,"index":2,"tags":["news_article"]},{"_id":"b8de4f6c-b7d4-4ee5-9430-6fb5c134b79b","content":["Smallcase raises $50 million in series D round led by Elev8 Venture Partners","Founded in 2016 by Vasanth Kamath, Anugrah Shrivastava, and Rohan Gupta, Smallcase aims to simplify stock investing for retail investors through professionally managed model portfolios"],"error":false,"index":3,"tags":["news_article"]},{"_id":"78bc9881-2361-4581-9f54-f9104436c1c6","content":["Yield Engineering Systems ships India’s first semiconductor manufacturing equipment from Tamil Nadu"],"error":false,"index":4,"tags":["news_article"]},{"_id":"1ce85f17-0c11-445b-b314-b8ff52979c5f","content":["Fake degrees, stolen employee IDs, forged documents: Who’s really getting hired?","A recent report by IDfy reveals rampant hiring fraud, with consumer products (15%) and telecom (14%) hit hardest. E-commerce saw 20% of fraud cases linked to fake job records, while food delivery (1%) and IT (2%) had the lowest fraud rates."],"error":false,"index":5,"tags":["news_article"]},{"_id":"9a930343-89aa-4e84-b1b0-398551c1fca8","content":["IT industry staring at third straight year of single-digit growth in FY26: Crisil Ratings","While IT players are bundling AI and Gen AI offerings with traditional services, AI adoption is still in early stages and is unlikely to boost revenue in the near term"],"error":false,"index":6,"tags":["news_article"]},{"_id":"9fd8195f-813b-4433-913f-f7afadf319e3","content":["Unicorn alert! B2B startup Jumbotail nears $120 million funding round at $1 billion valuation","The larger entity’s fresh valuation of around $900 million is a significant markup from Jumbotail’s valuation of around $300 million in 2021 and Solv’s valuation of $200 million a few years ago."],"error":false,"index":7,"tags":["news_article"]},{"_id":"5bd4cc47-0b85-4551-921d-86f81d448f08","content":["India's IT services firms see over 60% of new deals slashed in tenure, signaling industry shift","According to research and advisory firm Forrester, transformation deals which earlier took three to five years to complete are now expected to be executed in not more than 18 months."],"error":false,"index":8,"tags":["news_article"]},{"_id":"8b3579fd-edbd-4fea-9b99-5f9cadb6b4b7","content":["Uber accelerates autonomous vehicles’ dream, hitches ride with Waymo","Uber chief Dara Khosrowshahi has said said autonomous vehicles are a '$1 trillion opportunity' in the US alone and the market will only grow"],"error":false,"index":9,"tags":["news_article"]},{"_id":"e2a34850-87a2-48b8-be5d-15b5757308f0","content":["10 reasons why startups must attend Startup Mahakumbh and how to register","Startups can unveil their latest innovations, receive feedback, and conduct live demonstrations to investors, industry leaders, and potential customers."],"error":false,"index":0,"tags":["news_article"]},{"_id":"e67e0960-559c-4504-94f2-cb4842c41b6f","content":["Merchants stick to Juspay even as payment gateways' ultimatum nears","The PG firms are making exceptions and giving deadline extensions to large merchants as they are not yet ready to sever ties with Juspay"],"error":false,"index":1,"tags":["news_article"]},{"_id":"1d3629ce-eb72-4bd8-9cc3-8438c686e612","content":["Chargebee acquires Trainn, a SaaS startup founded by its alumni, as industry consolidates","Trainn is Chargebee’s second acquisition in about a month’s time as the Tiger Global-backed company accelerates its AI efforts. A few weeks ago, Chargebee acquired Inai, a firm that provides software to track and manage payments."],"error":false,"index":2,"tags":["news_article"]},{"_id":"b2bbc942-53d5-4d0d-81c1-a57b7fe52bdb","content":["Smallcase raises $50 million in series D round led by Elev8 Venture Partners","Founded in 2016 by Vasanth Kamath, Anugrah Shrivastava, and Rohan Gupta, Smallcase aims to simplify stock investing for retail investors through professionally managed model portfolios"],"error":false,"index":3,"tags":["news_article"]},{"_id":"2e41ae7a-b5ea-4f4c-9705-2aeb71ec293f","content":["Yield Engineering Systems ships India’s first semiconductor manufacturing equipment from Tamil Nadu"],"error":false,"index":4,"tags":["news_article"]},{"_id":"86e7cb6a-3213-4813-b088-f0b096538c0d","content":["Fake degrees, stolen employee IDs, forged documents: Who’s really getting hired?","A recent report by IDfy reveals rampant hiring fraud, with consumer products (15%) and telecom (14%) hit hardest. E-commerce saw 20% of fraud cases linked to fake job records, while food delivery (1%) and IT (2%) had the lowest fraud rates."],"error":false,"index":5,"tags":["news_article"]},{"_id":"ca48e0b8-af8e-46a7-83f8-7a69ad98ec79","content":["IT industry staring at third straight year of single-digit growth in FY26: Crisil Ratings","While IT players are bundling AI and Gen AI offerings with traditional services, AI adoption is still in early stages and is unlikely to boost revenue in the near term"],"error":false,"index":6,"tags":["news_article"]},{"_id":"2eb13f52-ee9f-4f13-8496-8820853ff3d9","content":["Unicorn alert! B2B startup Jumbotail nears $120 million funding round at $1 billion valuation","The larger entity’s fresh valuation of around $900 million is a significant markup from Jumbotail’s valuation of around $300 million in 2021 and Solv’s valuation of $200 million a few years ago."],"error":false,"index":7,"tags":["news_article"]},{"_id":"e1acda16-5876-4209-8f74-1a2783454b92","content":["India's IT services firms see over 60% of new deals slashed in tenure, signaling industry shift","According to research and advisory firm Forrester, transformation deals which earlier took three to five years to complete are now expected to be executed in not more than 18 months."],"error":false,"index":8,"tags":["news_article"]},{"_id":"8bac9764-4144-48c4-8986-72ae0ffb3193","content":["Uber accelerates autonomous vehicles’ dream, hitches ride with Waymo","Uber chief Dara Khosrowshahi has said said autonomous vehicles are a '$1 trillion opportunity' in the US alone and the market will only grow"],"error":false,"index":9,"tags":["news_article"]},{"_id":"197deaa6-b44a-49ca-b5d7-4e26871d7229","content":["10 reasons why startups must attend Startup Mahakumbh and how to register","Startups can unveil their latest innovations, receive feedback, and conduct live demonstrations to investors, industry leaders, and potential customers."],"error":false,"index":0,"tags":["news_article"]},{"_id":"aa83f3e5-37b3-43e8-ad75-7cae8134d7dc","content":["Merchants stick to Juspay even as payment gateways' ultimatum nears","The PG firms are making exceptions and giving deadline extensions to large merchants as they are not yet ready to sever ties with Juspay"],"error":false,"index":1,"tags":["news_article"]},{"_id":"455f7f99-f9b1-45ba-ac27-517789a31e67","content":["Chargebee acquires Trainn, a SaaS startup founded by its alumni, as industry consolidates","Trainn is Chargebee’s second acquisition in about a month’s time as the Tiger Global-backed company accelerates its AI efforts. A few weeks ago, Chargebee acquired Inai, a firm that provides software to track and manage payments."],"error":false,"index":2,"tags":["news_article"]},{"_id":"46ea31e9-d287-4fcb-8652-05d7394ea379","content":["Smallcase raises $50 million in series D round led by Elev8 Venture Partners","Founded in 2016 by Vasanth Kamath, Anugrah Shrivastava, and Rohan Gupta, Smallcase aims to simplify stock investing for retail investors through professionally managed model portfolios"],"error":false,"index":3,"tags":["news_article"]},{"_id":"15ce89a1-c8a2-4fc5-b5f9-30be2c46bc7f","content":["Yield Engineering Systems ships India’s first semiconductor manufacturing equipment from Tamil Nadu"],"error":false,"index":4,"tags":["news_article"]},{"_id":"5ef21f36-a7c4-46c2-a96b-e0f27112c713","content":["Fake degrees, stolen employee IDs, forged documents: Who’s really getting hired?","A recent report by IDfy reveals rampant hiring fraud, with consumer products (15%) and telecom (14%) hit hardest. E-commerce saw 20% of fraud cases linked to fake job records, while food delivery (1%) and IT (2%) had the lowest fraud rates."],"error":false,"index":5,"tags":["news_article"]},{"_id":"863cb217-4065-4295-bc31-44e346a88b78","content":["IT industry staring at third straight year of single-digit growth in FY26: Crisil Ratings","While IT players are bundling AI and Gen AI offerings with traditional services, AI adoption is still in early stages and is unlikely to boost revenue in the near term"],"error":false,"index":6,"tags":["news_article"]},{"_id":"7f2b687f-036f-4a1d-b4e9-0bf770926559","content":["Unicorn alert! B2B startup Jumbotail nears $120 million funding round at $1 billion valuation","The larger entity’s fresh valuation of around $900 million is a significant markup from Jumbotail’s valuation of around $300 million in 2021 and Solv’s valuation of $200 million a few years ago."],"error":false,"index":7,"tags":["news_article"]},{"_id":"e9fb454f-b160-478e-937c-705b9318d8f2","content":["India's IT services firms see over 60% of new deals slashed in tenure, signaling industry shift","According to research and advisory firm Forrester, transformation deals which earlier took three to five years to complete are now expected to be executed in not more than 18 months."],"error":false,"index":8,"tags":["news_article"]},{"_id":"3511c005-2724-42d0-855c-5d22cbdc78c5","content":["Uber accelerates autonomous vehicles’ dream, hitches ride with Waymo","Uber chief Dara Khosrowshahi has said said autonomous vehicles are a '$1 trillion opportunity' in the US alone and the market will only grow"],"error":false,"index":9,"tags":["news_article"]}]}